session_id,json_file,post_index,post_url,original_caption,extracted_title,extracted_organizer,extracted_date,extracted_location,registration_fee,phone_numbers,contact_persons,parse_status,parse_timestamp,last_edited
6dfe40f8,scraped-6dfe40f8-1768117441149.json,10,https://www.instagram.com/infolomba/p/DS-Ged7DwL8/,"769 likes, 59 comments - infolomba on January 1, 2026â€: ""Assalamu'alaikum Warahmatullahi Wabarakatuh! ğŸ‘‹ğŸ» ğŸ™ğŸ»Ø³Ù„Ø§Ù… Ø±Ø§ÙƒØ§ÙˆÙ† Ú¤Ø³ÙƒÙ„ (Salam Rakawan PASCAL) ğŸ™ğŸ»Saleum Rakan PASCAL SMAN 10 Fajar Harapan proudly presents to all indonesian studentsğŸ”¥: PASCAL XIV (Parade Of Art, Sains, And Religion)2026 WITH THE THEME _"" Syair Cinta Ateueh PeudeuÃ«ng Kuasa, Teu-ukÃ© Haba nibak Nanggroe Pahang ngÃ¶n AcÃ¨h Mulya ""_ â€¼ï¸ JOIN US AND FELL YOUR FANTASTIC EXPERIENCESâ€¼ï¸ ğŸ“ PASCAL (Parade of Art, Science, and Religion) merupakan acara tahunan yang diselenggarakan di SMAN 10 Fajar Harapan Banda Aceh dengan mengedepankan wadah berdiskusi dan kemampuan kompetisi siswa dari seluruh Aceh bahkan ke-tingkat nasional. ğŸ—’Timeline Open Registration â¡ï¸ 24 November 2025 s/d 15 Januari 2026 Save The Date â¡ï¸ 22 - 26 Januari 2026 ğŸ“Pendaftaran Online Melalui Website https://pascal-fajarharapan.site/ Contact Person ğŸ“ Hanisah â¡ï¸ (0821-3303-0490) ğŸ“ Zarin â¡ï¸ (0897-7221-641) ğŸ“ Nadhirah â¡ï¸ (0851-9911-0166)"". â€",769 likes, 59 comments - infolomba on January 1, 2026â€: "Assalamu'alaikum Warahmatullahi Wabarakatuh! ğŸ‘‹ğŸ» ğŸ™ğŸ»Ø³Ù„Ø§Ù… Ø±Ø§ÙƒØ§ÙˆÙ† Ú¤Ø³ÙƒÙ„ (Salam Rakawan PASCAL) ğŸ™ğŸ»Saleum Rakan PASCAL SMAN 10 Fajar Harapan proudly presents to all indonesian studentsğŸ”¥: PASCAL XIV (Parade Of Art, Sains, And Religion)2026 WITH THE THEME _" Syair Cinta Ateueh PeudeuÃ«ng Kuasa, Teu-ukÃ© Haba nibak Nanggroe Pahang ngÃ¶n AcÃ¨h Mulya "_ â€¼ï¸ JOIN US AND FELL YOUR FANTASTIC EXPERIENCESâ€¼ï¸ ğŸ“ PASCAL (Parade of Art, Science, and Religion) merupakan acara tahunan yang diselenggarakan di SMAN 10 Fajar Harapan Banda Aceh dengan mengedepankan wadah berdiskusi dan kemampuan kompetisi siswa dari seluruh Aceh bahkan ke-tingkat nasional. ğŸ—’Timeline Open Registration â¡ï¸ 24 November 2025 s/d 15 Januari 2026 Save The Date â¡ï¸ 22 - 26 Januari 2026 ğŸ“Pendaftaran Online Melalui Website https://pascal-fajarharapan.site/ Contact Person ğŸ“ Hanisah â¡ï¸ (0821-3303-0490) ğŸ“ Zarin â¡ï¸ (0897-7221-641) ğŸ“ Nadhirah â¡ï¸ (0851-9911-0166)". â€,,2026-01-01T13:49:19.000Z,,,082133030490;085199110166,,pending,,
6dfe40f8,scraped-6dfe40f8-1768117441149.json,11,https://www.instagram.com/infolomba/p/DS90qJ0D9uA/,"4,088 likes, 97 comments - infolomba on January 1, 2026: ""Top 10 PTN Indonesia yang lulusannya paling jago kerja! Ada kampus incaran kamu nggak? ğŸ“â£ â£ Buat calon maba 2026, pastiin kuliah kamu aman dengan dapetin beasiswa hingga Rp15JT/smt sampe lulus + diajak explore Jepang GRATIS! ğŸ‘‡ğŸ»â£ â£ ğŸ‡¯ğŸ‡µ ğ’ğğ£ğ®ğ­ğšğ‚ğ¢ğ­ğš ğ…ğ®ğ­ğ®ğ«ğ ğ‹ğğšğğğ«ğ¬ ğ‚ğ¡ğšğ©ğ­ğğ« ğŸğŸ: ğ‰ğğ©ğšğ§ğ â£ â£ Daftar di: dealls.com/sfl-infoâ£lomba â£ âœ¨ Terbuka untuk semua jurusan & jenjang pendidikanâ£ âœ¨ Gak butuh TOEFL/IELTS/IPK/Nilai Raporâ£ âœ¨ Cocok buat kamu yang pengen upgrade diri t belum nemu jalannyaâ£ âœ¨ Bisa jadi modal keren buat daftar kerja atau beasiswa lainâ£ âœ¨ Kesempatan banggain keluarga lewat seleksi internasional ğŸŒâ£ â£ Komen â€œMAUâ€ + tag 3 bestie kamu yang pengen dapet beasiswa Rp15JT/semester & trip gratis ke Jepang ğŸ‡¯ğŸ‡µğŸ‘‡ğŸ»â£ â£ ğŸ’Œ Info lebih lanjut bisa DM ke @sejutacita.id ya!â£ â£ #kuliah #maba #mahasiswa #beasiswa #freshgrad kampus 2026"".",4,088 likes, 97 comments - infolomba on January 1, 2026: "Top 10 PTN Indonesia yang lulusannya paling jago kerja! Ada kampus incaran kamu nggak? ğŸ“â£ â£ Buat calon maba 2026, pastiin kuliah kamu aman dengan dapetin beasiswa hingga Rp15JT/smt sampe lulus + diajak explore Jepang GRATIS! ğŸ‘‡ğŸ»â£ â£ ğŸ‡¯ğŸ‡µ ğ’ğğ£ğ®ğ­ğšğ‚ğ¢ğ­ğš ğ…ğ®ğ­ğ®ğ«ğ ğ‹ğğšğğğ«ğ¬ ğ‚ğ¡ğšğ©ğ­ğğ« ğŸğŸ: ğ‰ğğ©ğšğ§ğ â£ â£ Daftar di: dealls.com/sfl-infoâ£lomba â£ âœ¨ Terbuka untuk semua jurusan & jenjang pendidikanâ£ âœ¨ Gak butuh TOEFL/IELTS/IPK/Nilai Raporâ£ âœ¨ Cocok buat kamu yang pengen upgrade diri t belum nemu jalannyaâ£ âœ¨ Bisa jadi modal keren buat daftar kerja atau beasiswa lainâ£ âœ¨ Kesempatan banggain keluarga lewat seleksi internasional ğŸŒâ£ â£ Komen â€œMAUâ€ + tag 3 bestie kamu yang pengen dapet beasiswa Rp15JT/semester & trip gratis ke Jepang ğŸ‡¯ğŸ‡µğŸ‘‡ğŸ»â£ â£ ğŸ’Œ Info lebih lanjut bisa DM ke @sejutacita.id ya!â£ â£ #kuliah #maba #mahasiswa #beasiswa #freshgrad kampus 2026".,,2026-01-01T11:13:37.000Z,,,,,pending,,
6dfe40f8,scraped-6dfe40f8-1768117441149.json,12,https://www.instagram.com/infolomba/p/DS9cJvYDwp3/,"481 likes, 44 comments - infolomba on December 31, 2025: ""ğŸ“¢ ğ—”ğ—§ğ—§ğ—˜ğ—¡ğ—§ğ—œğ—¢ğ—¡â—â— âœï¸ âœ¨ ğŠğˆğ‘ ğ’ğ‚ğˆğ„ğğ“ğˆğ…ğˆğ‚ ğ‚ğğŒğğ„ğ“ğˆğ“ğˆğğ ğˆğ’ ğğ€ğ‚ğŠ âœ¨ ğ‘¯ğ’ğ’ğ’‚ ğ‘ºğ’ğ’ƒğ’‚ğ’• ğ‘°ğ’ğ’ğ’Šğ’‚ğ’‰ğŸ‘‹ğŸ‘‹ We are Kelompok Ilmiah Remaja SMA Negeri 11 Semarang ğŸŒ± Proudly Present ğ‘²ğ‘°ğ‘¹ ğ‘ºğ‘ªğ‘°ğ‘¬ğ‘µğ‘»ğ‘°ğ‘­ğ‘°ğ‘ª ğ‘ªğ‘¶ğ‘´ğ‘·ğ‘¬ğ‘»ğ‘°ğ‘»ğ‘°ğ‘¶ğ‘µ ğŸ“£ Calling out for all of junior high school students to join ğŠğˆğ‘ ğ’ğ‚ğˆğ„ğğ“ğˆğ…ğˆğ‚ ğ‚ğğŒğğ„ğ“ğˆğ“ğˆğğ! Inilah saatnya generasi muda berperan aktif melalui ide-ide inovatif dan kreatif untuk menjawab tantangan global di bidang pangan dan keberlanjutan. ğŸ“š ğ—ğ—¼ğ—ºğ—½ğ—²ğ˜ğ—¶ğ˜€ğ—¶ ğ—ğ—®ğ—¿ğ˜†ğ—® ğ—§ğ˜‚ğ—¹ğ—¶ğ˜€ ğ—œğ—¹ğ—ºğ—¶ğ—®ğ—µ & ğ—˜ğ˜€ğ˜€ğ—®ğ˜† ğ—§ğ—¶ğ—»ğ—´ğ—¸ğ—®ğ˜ ğ—¦ğ— ğ—£/ğ—¦ğ—²ğ—±ğ—²ğ—¿ğ—®ğ—·ğ—®ğ˜ ğ—¦ğ—² ğ—ğ—®ğ˜„ğ—® ğ—§ğ—²ğ—»ğ—´ğ—®ğ—µ ğ——ğ—²ğ—»ğ—´ğ—®ğ—» ğ˜ğ—²ğ—ºğ—®: â€œPeran teknologi dan kreativitas generasi muda dalam memperkuat sistem pengelolaan limbah pangan berbasis ilmu pengetahuan multisektor untuk mendukung tercapainya SDGs 2030.â€ ğŸ“‹ ğ—¦ğ˜‚ğ—¯ ğ—§ğ—²ğ—ºğ—®: 1ï¸âƒ£ Digital Food Waste Solutions 2ï¸âƒ£ Circular Food Innovation 3ï¸âƒ£ Youth-Led Sustainable Food Entrepreneurship ğŸ…ğ—ªğ—œğ—¡ğ—¡ğ—˜ğ—¥ ğ—£ğ—¥ğ—œğ—­ğ—˜ (ğ—ğ—§ğ—œ & ğ—˜ğ—¦ğ—¦ğ—”ğ—¬)ğŸ… ğŸ¥‡ğŸ¥ˆğŸ¥‰ Juara 1, 2, dan 3, serta Best Video akan mendapatkan: ğŸ’° Money ğŸ“œ Certificate ğŸ† Trophy/Medal â˜ï¸ ğ—–ğ—¢ğ—¡ğ—§ğ—”ğ—–ğ—§ ğ—£ğ—˜ğ—¥ğ—¦ğ—¢ğ—¡ â˜ï¸ ğŸ“ +62 859 7515 6951 (evi) ğŸ“ +62 882 0033 92528 (widya) ğŸ—“ï¸ ğ— ğ—”ğ—¥ğ— ğ—¬ğ—¢ğ—¨ğ—¥ ğ—–ğ—”ğ—Ÿğ—˜ğ—¡ğ——ğ—˜ğ—¥ ğŸ“Œ Pendaftaran & Pengumpulan Karya: 21 Desember 2025 - 5 April 2026 ğŸ“Œ Seleksi Karya: 8 - 15 April 2026 ğŸ“Œ Pengumuman: 18 April 2026 ğŸ“Œ Technical Meeting: 21 April 2026 ğŸ“Œ Final & Pengumuman Pemenang: 25 April 2026 ğŸ”¥ğ—¦ğ—®ğ˜ƒğ—² ğ˜ğ—µğ—² ğ—±ğ—®ğ˜ğ—² ğ—®ğ—»ğ—± ğ—½ğ—¿ğ—²ğ—½ğ—®ğ—¿ğ—² ğ˜†ğ—¼ğ˜‚ğ—¿ğ˜€ğ—²ğ—¹ğ—³ ğ˜ğ—¼ ğ—¯ğ—² ğ˜ğ—µğ—² ğ—»ğ—²ğ˜…ğ˜ ğ˜†ğ—¼ğ˜‚ğ—»ğ—´ ğ—¶ğ—»ğ—»ğ—¼ğ˜ƒğ—®ğ˜ğ—¼ğ—¿! ğŸ”¥ Jadilah bagian dari generasi muda yang berkontribusi nyata untuk masa depan pangan berkelanjutanğŸŒ± Â° âœ®Ë– à£ª âŠ¹â‹†.Ëšâ™»ï¸â‹†ï½¡ğ–¦¹Â°ğŸ«§â‹†.à³ƒà¿”*:ï½¥ ğŸ“£ ğ—™ğ—¢ğ—¥ ğ— ğ—¢ğ—¥ğ—˜ ğ—œğ—¡ğ—™ğ—¢ğ—¥ğ— ğ—”ğ—§ğ—œğ—¢ğ—¡ ğŸ“© Email: kific2025@gmail.com ğŸ“® Instagram: @kir.smanse ğŸ¥ TikTok: kir.smanse"".",481 likes, 44 comments - infolomba on December 31, 2025: "ğŸ“¢ ğ—”ğ—§ğ—§ğ—˜ğ—¡ğ—§ğ—œğ—¢ğ—¡â—â— âœï¸ âœ¨ ğŠğˆğ‘ ğ’ğ‚ğˆğ„ğğ“ğˆğ…ğˆğ‚ ğ‚ğğŒğğ„ğ“ğˆğ“ğˆğğ ğˆğ’ ğğ€ğ‚ğŠ âœ¨ ğ‘¯ğ’ğ’ğ’‚ ğ‘ºğ’ğ’ƒğ’‚ğ’• ğ‘°ğ’ğ’ğ’Šğ’‚ğ’‰ğŸ‘‹ğŸ‘‹ We are Kelompok Ilmiah Remaja SMA Negeri 11 Semarang ğŸŒ± Proudly Present ğ‘²ğ‘°ğ‘¹ ğ‘ºğ‘ªğ‘°ğ‘¬ğ‘µğ‘»ğ‘°ğ‘­ğ‘°ğ‘ª ğ‘ªğ‘¶ğ‘´ğ‘·ğ‘¬ğ‘»ğ‘°ğ‘»ğ‘°ğ‘¶ğ‘µ ğŸ“£ Calling out for all of junior high school students to join ğŠğˆğ‘ ğ’ğ‚ğˆğ„ğğ“ğˆğ…ğˆğ‚ ğ‚ğğŒğğ„ğ“ğˆğ“ğˆğğ! Inilah saatnya generasi muda berperan aktif melalui ide-ide inovatif dan kreatif untuk menjawab tantangan global di bidang pangan dan keberlanjutan. ğŸ“š ğ—ğ—¼ğ—ºğ—½ğ—²ğ˜ğ—¶ğ˜€ğ—¶ ğ—ğ—®ğ—¿ğ˜†ğ—® ğ—§ğ˜‚ğ—¹ğ—¶ğ˜€ ğ—œğ—¹ğ—ºğ—¶ğ—®ğ—µ & ğ—˜ğ˜€ğ˜€ğ—®ğ˜† ğ—§ğ—¶ğ—»ğ—´ğ—¸ğ—®ğ˜ ğ—¦ğ— ğ—£/ğ—¦ğ—²ğ—±ğ—²ğ—¿ğ—®ğ—·ğ—®ğ˜ ğ—¦ğ—² ğ—ğ—®ğ˜„ğ—® ğ—§ğ—²ğ—»ğ—´ğ—®ğ—µ ğ——ğ—²ğ—»ğ—´ğ—®ğ—» ğ˜ğ—²ğ—ºğ—®: â€œPeran teknologi dan kreativitas generasi muda dalam memperkuat sistem pengelolaan limbah pangan berbasis ilmu pengetahuan multisektor untuk mendukung tercapainya SDGs 2030.â€ ğŸ“‹ ğ—¦ğ˜‚ğ—¯ ğ—§ğ—²ğ—ºğ—®: 1ï¸âƒ£ Digital Food Waste Solutions 2ï¸âƒ£ Circular Food Innovation 3ï¸âƒ£ Youth-Led Sustainable Food Entrepreneurship ğŸ…ğ—ªğ—œğ—¡ğ—¡ğ—˜ğ—¥ ğ—£ğ—¥ğ—œğ—­ğ—˜ (ğ—ğ—§ğ—œ & ğ—˜ğ—¦ğ—¦ğ—”ğ—¬)ğŸ… ğŸ¥‡ğŸ¥ˆğŸ¥‰ Juara 1, 2, dan 3, serta Best Video akan mendapatkan: ğŸ’° Money ğŸ“œ Certificate ğŸ† Trophy/Medal â˜ï¸ ğ—–ğ—¢ğ—¡ğ—§ğ—”ğ—–ğ—§ ğ—£ğ—˜ğ—¥ğ—¦ğ—¢ğ—¡ â˜ï¸ ğŸ“ +62 859 7515 6951 (evi) ğŸ“ +62 882 0033 92528 (widya) ğŸ—“ï¸ ğ— ğ—”ğ—¥ğ— ğ—¬ğ—¢ğ—¨ğ—¥ ğ—–ğ—”ğ—Ÿğ—˜ğ—¡ğ——ğ—˜ğ—¥ ğŸ“Œ Pendaftaran & Pengumpulan Karya: 21 Desember 2025 - 5 April 2026 ğŸ“Œ Seleksi Karya: 8 - 15 April 2026 ğŸ“Œ Pengumuman: 18 April 2026 ğŸ“Œ Technical Meeting: 21 April 2026 ğŸ“Œ Final & Pengumuman Pemenang: 25 April 2026 ğŸ”¥ğ—¦ğ—®ğ˜ƒğ—² ğ˜ğ—µğ—² ğ—±ğ—®ğ˜ğ—² ğ—®ğ—»ğ—± ğ—½ğ—¿ğ—²ğ—½ğ—®ğ—¿ğ—² ğ˜†ğ—¼ğ˜‚ğ—¿ğ˜€ğ—²ğ—¹ğ—³ ğ˜ğ—¼ ğ—¯ğ—² ğ˜ğ—µğ—² ğ—»ğ—²ğ˜…ğ˜ ğ˜†ğ—¼ğ˜‚ğ—»ğ—´ ğ—¶ğ—»ğ—»ğ—¼ğ˜ƒğ—®ğ˜ğ—¼ğ—¿! ğŸ”¥ Jadilah bagian dari generasi muda yang berkontribusi nyata untuk masa depan pangan berkelanjutanğŸŒ± Â° âœ®Ë– à£ª âŠ¹â‹†.Ëšâ™»ï¸â‹†ï½¡ğ–¦¹Â°ğŸ«§â‹†.à³ƒà¿”*:ï½¥ ğŸ“£ ğ—™ğ—¢ğ—¥ ğ— ğ—¢ğ—¥ğ—˜ ğ—œğ—¡ğ—™ğ—¢ğ—¥ğ— ğ—”ğ—§ğ—œğ—¢ğ—¡ ğŸ“© Email: kific2025@gmail.com ğŸ“® Instagram: @kir.smanse ğŸ¥ TikTok: kir.smanse".,,2026-01-01T07:39:28.000Z,,,,,pending,,
6dfe40f8,scraped-6dfe40f8-1768117441149.json,13,https://www.instagram.com/infolomba/p/DS9O2cVj1pK/,"864 likes, 64 comments - infolomba on December 31, 2025: ""ğŸ“¢THE NAVARESA MEMANGGIL PUTRA-PUTRI HEBATğŸ¤©ğŸ¤© Kalian mau ikut lomba t bingung mau daftar di mana? ğŸ¤” Atau mau ikut lomba-lomba yang hadiahnya super banyak sampai puluhan juta rupiah? ğŸ¤‘. Temukan jawabannya di : ğŸŒŸ Competition For Islamic Students (CIS) 14 ğŸŒŸ Mewadahi para pemuda dalam bentuk perlombaan, yaitu : ğŸ“Œ*Perlombaan Offline*ğŸ“Œ * Mewarnai (TK/RA) ğŸ–ğŸ¨ * Eco Kids Show (TK/RA) ğŸ‘¥ğŸ‘ğŸ» * Olimpiade PAI (SD/MI) ğŸ“– * Kaligrafi (SD/MI-SMP/MTs) âœğŸ» * Archery (SD/MI-SMP/MTs) ğŸ¹ * Futsal (SMP/MTs) âš½ * Olimpiade Sains (SMP/MTs)ğŸ§ ğŸ“– * Lomba Cerdas Cermat Qurâ€™an (SMP/MTs) ğŸ“–âœğŸ» * Lomba Debat Bahasa Indonesia/LDBI (SMA/MA/SMK)ğŸ’¡ğŸ—£ * Ratoh Jaroe (SMA/MA/SMK)ğŸ‘‘âœ¨ ğŸ“Œ*Perlombaan Online-Offline*ğŸ“Œ * Adzan (SD/MI) ğŸ—£ * Pildacil (SD/MI) âœ¨ğŸ‘¤ * Musabaqah Hifdzil Qur'an/MHQ (SD/MI-SMP/MTs) ğŸ“š * Musabaqah Tilawatil Qur'an/MTQ (SD/MI-SMP/MTs) ğŸ“šğŸ§ª * Story telling (SMP/MTs)ğŸ’« * Nasyid (SMA/MA/SMK)ğŸ’¡ğŸ¶ ğŸ“Œ*Perlombaan Online*ğŸ“Œ * Poster Design (SMA/SMK/MA-Mahasiswa Semester 6) ğŸ–¼ğŸ’« * Video Graphy (SMA/SMK/MA-Mahasiswa Semester 6) ğŸ“¹ğŸ ğŸ“ŒSave the dateğŸ“Œ ~ğŸ—“ 2-5 Februari 2026 ğŸ“ PTQT. Al-Hikmah Bobos, Cirebon It's time to show ur skills to everyoneğŸ”¥ Tunjukkan kecerdasan dan keberanianmu sejak dini! â€¼ï¸JADWAL PENTING â€¼ï¸ *Pendaftaran dibuka: Mulai Tanggal 31 November â€“ 12 Januari 2026* â„¹ğŸ“¢ informasi selengkapnya bisa kunjungi web kami : https://cis.alhikmahcirebon.sch.id/ Atau akun Instagram: @officialcisalhikmah ğŸ™ŒğŸ»Ayo daftar segera, dan jadi Duta Muda Rabbani kebanggaan negri! ğŸ“Contact Person: Dinar - https://wa.me/6285147724793 Aziz - https://wa.me/6285147366809 #CIS14 #infolomba #SemangatIslami #ProudParticipant#Navaresa IlmuDijunjung AlHikmahCirebon"".",864 likes, 64 comments - infolomba on December 31, 2025: "ğŸ“¢THE NAVARESA MEMANGGIL PUTRA-PUTRI HEBATğŸ¤©ğŸ¤© Kalian mau ikut lomba t bingung mau daftar di mana? ğŸ¤” Atau mau ikut lomba-lomba yang hadiahnya super banyak sampai puluhan juta rupiah? ğŸ¤‘. Temukan jawabannya di : ğŸŒŸ Competition For Islamic Students (CIS) 14 ğŸŒŸ Mewadahi para pemuda dalam bentuk perlombaan, yaitu : ğŸ“Œ*Perlombaan Offline*ğŸ“Œ * Mewarnai (TK/RA) ğŸ–ğŸ¨ * Eco Kids Show (TK/RA) ğŸ‘¥ğŸ‘ğŸ» * Olimpiade PAI (SD/MI) ğŸ“– * Kaligrafi (SD/MI-SMP/MTs) âœğŸ» * Archery (SD/MI-SMP/MTs) ğŸ¹ * Futsal (SMP/MTs) âš½ * Olimpiade Sains (SMP/MTs)ğŸ§ ğŸ“– * Lomba Cerdas Cermat Qurâ€™an (SMP/MTs) ğŸ“–âœğŸ» * Lomba Debat Bahasa Indonesia/LDBI (SMA/MA/SMK)ğŸ’¡ğŸ—£ * Ratoh Jaroe (SMA/MA/SMK)ğŸ‘‘âœ¨ ğŸ“Œ*Perlombaan Online-Offline*ğŸ“Œ * Adzan (SD/MI) ğŸ—£ * Pildacil (SD/MI) âœ¨ğŸ‘¤ * Musabaqah Hifdzil Qur'an/MHQ (SD/MI-SMP/MTs) ğŸ“š * Musabaqah Tilawatil Qur'an/MTQ (SD/MI-SMP/MTs) ğŸ“šğŸ§ª * Story telling (SMP/MTs)ğŸ’« * Nasyid (SMA/MA/SMK)ğŸ’¡ğŸ¶ ğŸ“Œ*Perlombaan Online*ğŸ“Œ * Poster Design (SMA/SMK/MA-Mahasiswa Semester 6) ğŸ–¼ğŸ’« * Video Graphy (SMA/SMK/MA-Mahasiswa Semester 6) ğŸ“¹ğŸ ğŸ“ŒSave the dateğŸ“Œ ~ğŸ—“ 2-5 Februari 2026 ğŸ“ PTQT. Al-Hikmah Bobos, Cirebon It's time to show ur skills to everyoneğŸ”¥ Tunjukkan kecerdasan dan keberanianmu sejak dini! â€¼ï¸JADWAL PENTING â€¼ï¸ *Pendaftaran dibuka: Mulai Tanggal 31 November â€“ 12 Januari 2026* â„¹ğŸ“¢ informasi selengkapnya bisa kunjungi web kami : https://cis.alhikmahcirebon.sch.id/ Atau akun Instagram: @officialcisalhikmah ğŸ™ŒğŸ»Ayo daftar segera, dan jadi Duta Muda Rabbani kebanggaan negri! ğŸ“Contact Person: Dinar - https://wa.me/6285147724793 Aziz - https://wa.me/6285147366809 #CIS14 #infolomba #SemangatIslami #ProudParticipant#Navaresa IlmuDijunjung AlHikmahCirebon".,,2026-01-01T08:58:48.000Z,,,085147724793;085147366809,,pending,,
6dfe40f8,scraped-6dfe40f8-1768117441149.json,14,https://www.instagram.com/infolomba/p/DS9BGT-D5os/,"849 likes, 40 comments - infolomba on December 31, 2025: ""ğŸ“¢âœ¨ FESTIVAL ILMIAH SANTRI 2026âœ¨ğŸ“¢ Pendaftaran lomba RESMI DIBUKA!ğŸ‰ Saatnya santri dan mahasiswa unjuk ide, kreativitas, dan karya terbaik di Festival Ilmiah Santri 2026! ğŸ† Kategori lomba: ğŸ“„ National Essay Competition (Mahasiswa Se-Indonesia) ğŸ¬ Short Movie Competition (Pelajar dan Mahasiswa Se-Indonesia) Yuk jadi bagian dari generasi santri yang kritis, kreatif, dan berprestasi! ğŸš€âœ¨ â˜ï¸ Narahubung Essay Zizou : +62 882-0061-33383 Nabiel : +62 878-5531-1006 ğŸ“ Narahubung Short Movie Khoirul : +62 821-4287-1001 Fatoni : +62 815-5985-5154 ğŸ“Œ Info lengkap & pendaftaran juga bisa langsung scan barcode di poster atau klik link https://www.fis-alhikam.com ğŸ“² IG kami: ğŸ‘‰ [https://www.instagram.com/fis_alhikammalang](https://www.instagram.com/fis_alhikammalang) Jangan sampai kelewatan yaa! ğŸ”¥âœ¨"".",849 likes, 40 comments - infolomba on December 31, 2025: "ğŸ“¢âœ¨ FESTIVAL ILMIAH SANTRI 2026âœ¨ğŸ“¢ Pendaftaran lomba RESMI DIBUKA!ğŸ‰ Saatnya santri dan mahasiswa unjuk ide, kreativitas, dan karya terbaik di Festival Ilmiah Santri 2026! ğŸ† Kategori lomba: ğŸ“„ National Essay Competition (Mahasiswa Se-Indonesia) ğŸ¬ Short Movie Competition (Pelajar dan Mahasiswa Se-Indonesia) Yuk jadi bagian dari generasi santri yang kritis, kreatif, dan berprestasi! ğŸš€âœ¨ â˜ï¸ Narahubung Essay Zizou : +62 882-0061-33383 Nabiel : +62 878-5531-1006 ğŸ“ Narahubung Short Movie Khoirul : +62 821-4287-1001 Fatoni : +62 815-5985-5154 ğŸ“Œ Info lengkap & pendaftaran juga bisa langsung scan barcode di poster atau klik link https://www.fis-alhikam.com ğŸ“² IG kami: ğŸ‘‰ [https://www.instagram.com/fis_alhikammalang](https://www.instagram.com/fis_alhikammalang) Jangan sampai kelewatan yaa! ğŸ”¥âœ¨".,,2026-01-01T03:43:05.000Z,,,88200613338;87855311006;82142871001;81559855154,,pending,,
6dfe40f8,scraped-6dfe40f8-1768117441149.json,15,https://www.instagram.com/infolomba/p/DS8wZsij5UN/,"833 likes, 56 comments - infolomba on December 31, 2025: ""Halo semuanyaa! âœ¨ Kami dari Panitia Biologi ALSEACE 2026, dengan senang hati mengumumkan bahwa pendaftaran untuk Kompetisi Literasi Biologi ALSEACE 2026 sudah dibuka! ğŸ¥³ Open for all Senior High School students across Indonesia (SMA or equivalent)! ğŸŒ± ALSEACE 2026 memberi kesempatan seru buat kamu untuk nunjukin skill biologi, ngasah critical thinking, dan belajar hal baru! ğŸ”¬âœ¨ Bring your passion for biology to the spotlight and be part of this unforgettable national competition! ğŸŒŸ Yuk daftar sekarang! ğŸ‘‡ * ğŸ–‡ï¸ LINK PENDAFTARAN: https://alseacecup.com/ * ğŸ’µ BIAYA PENDAFTARAN: Rp100.000/orang * ğŸ’¬ CONTACT PERSON: * Clarissa Almaida Queenarra: WA: 081513345337 | LINE: torihimemiyasfather * Shakila Nafisa Wibowo: WA: 088211854815 | LINE: mrsbumbleebee Kami menantikan partisipasimu, terima kasih! ğŸ€"".",833 likes, 56 comments - infolomba on December 31, 2025: "Halo semuanyaa! âœ¨ Kami dari Panitia Biologi ALSEACE 2026, dengan senang hati mengumumkan bahwa pendaftaran untuk Kompetisi Literasi Biologi ALSEACE 2026 sudah dibuka! ğŸ¥³ Open for all Senior High School students across Indonesia (SMA or equivalent)! ğŸŒ± ALSEACE 2026 memberi kesempatan seru buat kamu untuk nunjukin skill biologi, ngasah critical thinking, dan belajar hal baru! ğŸ”¬âœ¨ Bring your passion for biology to the spotlight and be part of this unforgettable national competition! ğŸŒŸ Yuk daftar sekarang! ğŸ‘‡ * ğŸ–‡ï¸ LINK PENDAFTARAN: https://alseacecup.com/ * ğŸ’µ BIAYA PENDAFTARAN: Rp100.000/orang * ğŸ’¬ CONTACT PERSON: * Clarissa Almaida Queenarra: WA: 081513345337 | LINE: torihimemiyasfather * Shakila Nafisa Wibowo: WA: 088211854815 | LINE: mrsbumbleebee Kami menantikan partisipasimu, terima kasih! ğŸ€".,,2026-01-01T01:17:11.000Z,,,081513345337;088211854815,,pending,,
6dfe40f8,scraped-6dfe40f8-1768117441149.json,16,https://www.instagram.com/infolomba/p/DS8VsFykwX_/,"330 likes, 24 comments - infolomba on December 31, 2025: ""Selamat tahun baru âœ¨ Di tahun 2026 ini, semoga hal-hal baik selalu menyertai ğŸ’ Dengan palet warna baru, semoga warnanya membawa banyak peluang, ide segar, dan kemenanganâ€¦ sekaligus kekuatan serta perlindungan bagi saudara-saudara kita di Aceh dan Sumatra yang terdampak bencana ğŸ•Šï¸ğŸ«¶ğŸ¼ #infolomba #tahunbaru #2026 #newyear #newyeareve pantone pantonecolor pantone2026 clouddancer tahunbaru2026"".",330 likes, 24 comments - infolomba on December 31, 2025: "Selamat tahun baru âœ¨ Di tahun 2026 ini, semoga hal-hal baik selalu menyertai ğŸ’ Dengan palet warna baru, semoga warnanya membawa banyak peluang, ide segar, dan kemenanganâ€¦ sekaligus kekuatan serta perlindungan bagi saudara-saudara kita di Aceh dan Sumatra yang terdampak bencana ğŸ•Šï¸ğŸ«¶ğŸ¼ #infolomba #tahunbaru #2026 #newyear #newyeareve pantone pantonecolor pantone2026 clouddancer tahunbaru2026".,,2025-12-31T21:23:46.000Z,,,,,pending,,
6dfe40f8,scraped-6dfe40f8-1768117441149.json,17,https://www.instagram.com/infolomba/p/DS7ewBMjzDu/,"329 likes, 42 comments - infolomba on December 31, 2025: ""âœ¨Perpanjangan Pendaftaran Lomba MQK Se Jawa Timur Kitab Fathul Qoribâœ¨ ğŸ“… WAKTU PELAKSANAAN ğŸ“… 1. Pendaftaran : 25 November 2025 s.d 10 Januari 2026 2. Pembagian Maqroâ€™ : 11 Januari 2026 3. Pengumpulan dan Peng-upload-an Video : 12 Januari s.d 14 Januari 2026 4. Penjurian : 15 Januari s.d 18 Januari 2026 5. Pengumunan Peserta 10 Besar : 19 Januari 2026 (pagi) 6. TM untuk Lomba Final Offline : 19 Januari 2026 (siang) 7. Babak Final : 29 Januari 2026"".",329 likes, 42 comments - infolomba on December 31, 2025: "âœ¨Perpanjangan Pendaftaran Lomba MQK Se Jawa Timur Kitab Fathul Qoribâœ¨ ğŸ“… WAKTU PELAKSANAAN ğŸ“… 1. Pendaftaran : 25 November 2025 s.d 10 Januari 2026 2. Pembagian Maqroâ€™ : 11 Januari 2026 3. Pengumpulan dan Peng-upload-an Video : 12 Januari s.d 14 Januari 2026 4. Penjurian : 15 Januari s.d 18 Januari 2026 5. Pengumunan Peserta 10 Besar : 19 Januari 2026 (pagi) 6. TM untuk Lomba Final Offline : 19 Januari 2026 (siang) 7. Babak Final : 29 Januari 2026".,,2025-12-31T13:23:42.000Z,,,,,pending,,
6dfe40f8,scraped-6dfe40f8-1768117441149.json,18,https://www.instagram.com/infolomba/p/DS7RHAwj5wQ/,"335 likes, 38 comments - infolomba on December 31, 2025: ""â¤µï¸â¤µï¸â¤µï¸ â•”â•â•â•*.Â·:Â·.â˜½âœ§ âœ¦ âœ§â˜¾.Â·:Â·.*â•â•â•â•— ã…¤ã…¤ã…¤ã…¤ğŸ„ğ’ğğ‘ğ€ğğ€ğŸ„ ã…¤ğ‘†ğ‘œğ‘Ÿğ‘œğ‘¡ ğ¿ğ‘ğ‘›ğ‘”ğ‘˜ğ‘â„ ğ‘…ğ‘ğ‘–â„ ğ‘€ğ‘ğ‘˜ğ‘›ğ‘ â•šâ•â•â•*.Â·:Â·.â˜½âœ§ âœ¦ âœ§â˜¾.Â·:Â·.*â•â•â•â• á¯“ âœˆï¸ ğ‘ºğ‘¬ğ‘ªğ‘»ğ‘°ğ‘¶ğ‘µ 2026 merupakan kegiatan tahunan kompetisi antarsiswa SMP/MTs yang diselenggarakan oleh ğ“ğ‘†ğ¼ğ‘† SMA Al-Islam 1 Surakarta bekerja sama dengan berbagai ekstrakurikuler. Smalsaâ€™s Extracurricular Competition, mencerminkan semangat kolaborasi dan pengembangan potensi siswa dengan bekerjasama oleh berbagai pihak. Kegiatan tahun ini akan digelar pada ğ—ğ—®ğ—»ğ˜‚ğ—®ğ—¿ğ—¶ 2026 di SMA Al-Islam 1 Surakarta yang beralamat di ğ™¹ğš•. ğ™·ğš˜ğš—ğšğšğš˜ğš ğš˜ğš—ğšğšœğš˜ ğš—ğš˜.94, ğ™¿ğšŠğš—ğšğš•ğšŠğš›ğšŠğš—, ğ™»ğšŠğš ğšğš¢ğšŠğš—, ğš‚ğšğš›ğšŠğš”ğšŠğš›ğšğšŠ. Dengan menghadirkan berbagai cabang lomba menarik, yaitu : âš½ Futsal ğŸ•Œ Dai Muda ğŸ¨ Poster Digital ğŸ® E-sport free fire Selain itu, kegiatan ini juga menyelenggarakan ğ—§ğ—¿ğ˜† ğ—¢ğ˜‚ğ˜ ğ—§ğ—ğ—” (ğ—§ğ—²ğ˜€ ğ—ğ—²ğ—ºğ—®ğ—ºğ—½ğ˜‚ğ—®ğ—» ğ—”ğ—¸ğ—®ğ—±ğ—²ğ—ºğ—¶ğ—¸) sebagai sarana persiapan akademik bagi siswa SMP/MTs. ğŸ•°ï¸ ğ—§ğ—¶ğ—ºğ—²ğ—¹ğ—¶ğ—»ğ—² ğ—£ğ—²ğ—»ğ—±ğ—®ğ—³ğ˜ğ—®ğ—¿ğ—®ğ—» âŒ¯âŒ² Pendaftaran: 10 November 2025 - 08 Januari 2026 ğŸ–‡ï¸ Guidebook & Link Pendaftaran: à³ƒâ€â· https://linktr.ee/smalsasection2025 ğŸ’­ Informasi lebih lanjut dapat menghubungi: ğŸ“² +62 821-3723-6791 (Oliv) ğŸ“² +62 857-2730-1850 (Fatma)"".",335 likes, 38 comments - infolomba on December 31, 2025: "â¤µï¸â¤µï¸â¤µï¸ â•”â•â•â•*.Â·:Â·.â˜½âœ§ âœ¦ âœ§â˜¾.Â·:Â·.*â•â•â•â•— ã…¤ã…¤ã…¤ã…¤ğŸ„ğ’ğğ‘ğ€ğğ€ğŸ„ ã…¤ğ‘†ğ‘œğ‘Ÿğ‘œğ‘¡ ğ¿ğ‘ğ‘›ğ‘”ğ‘˜ğ‘â„ ğ‘…ğ‘ğ‘–â„ ğ‘€ğ‘ğ‘˜ğ‘›ğ‘ â•šâ•â•â•*.Â·:Â·.â˜½âœ§ âœ¦ âœ§â˜¾.Â·:Â·.*â•â•â•â• á¯“ âœˆï¸ ğ‘ºğ‘¬ğ‘ªğ‘»ğ‘°ğ‘¶ğ‘µ 2026 merupakan kegiatan tahunan kompetisi antarsiswa SMP/MTs yang diselenggarakan oleh ğ“ğ‘†ğ¼ğ‘† SMA Al-Islam 1 Surakarta bekerja sama dengan berbagai ekstrakurikuler. Smalsaâ€™s Extracurricular Competition, mencerminkan semangat kolaborasi dan pengembangan potensi siswa dengan bekerjasama oleh berbagai pihak. Kegiatan tahun ini akan digelar pada ğ—ğ—®ğ—»ğ˜‚ğ—®ğ—¿ğ—¶ 2026 di SMA Al-Islam 1 Surakarta yang beralamat di ğ™¹ğš•. ğ™·ğš˜ğš—ğšğšğš˜ğš ğš˜ğš—ğšğšœğš˜ ğš—ğš˜.94, ğ™¿ğšŠğš—ğšğš•ğšŠğš›ğšŠğš—, ğ™»ğšŠğš ğšğš¢ğšŠğš—, ğš‚ğšğš›ğšŠğš”ğšŠğš›ğšğšŠ. Dengan menghadirkan berbagai cabang lomba menarik, yaitu : âš½ Futsal ğŸ•Œ Dai Muda ğŸ¨ Poster Digital ğŸ® E-sport free fire Selain itu, kegiatan ini juga menyelenggarakan ğ—§ğ—¿ğ˜† ğ—¢ğ˜‚ğ˜ ğ—§ğ—ğ—” (ğ—§ğ—²ğ˜€ ğ—ğ—²ğ—ºğ—®ğ—ºğ—½ğ˜‚ğ—®ğ—» ğ—”ğ—¸ğ—®ğ—±ğ—²ğ—ºğ—¶ğ—¸) sebagai sarana persiapan akademik bagi siswa SMP/MTs. ğŸ•°ï¸ ğ—§ğ—¶ğ—ºğ—²ğ—¹ğ—¶ğ—»ğ—² ğ—£ğ—²ğ—»ğ—±ğ—®ğ—³ğ˜ğ—®ğ—¿ğ—®ğ—» âŒ¯âŒ² Pendaftaran: 10 November 2025 - 08 Januari 2026 ğŸ–‡ï¸ Guidebook & Link Pendaftaran: à³ƒâ€â· https://linktr.ee/smalsasection2025 ğŸ’­ Informasi lebih lanjut dapat menghubungi: ğŸ“² +62 821-3723-6791 (Oliv) ğŸ“² +62 857-2730-1850 (Fatma)".,,2025-12-31T11:24:30.000Z,,,82137236791;85727301850,,pending,,
6dfe40f8,scraped-6dfe40f8-1768117441149.json,19,https://www.instagram.com/infolomba/p/DS7It6uj6KU/,"202 likes, 31 comments - infolomba on December 31, 2025: ""[ğ™ˆğ˜¼ğ™‰ ğ™ğ™ğ™™ğ™¤ğ™–ğ™§ğ™Ÿğ™¤ ğ™‹ğ™§ğ™¤ğ™ªğ™™ğ™¡ğ™® ğ™‹ğ™§ğ™šğ™¨ğ™šğ™£ğ™©ğ™¨] ğŸ•Œ ğ…ğ„ğ’ğ“ğˆğ•ğ€ğ‹ ğğ€ğğ‰ğ€ğ‘ğˆ ğ’ğ˜ğŒğğ‡ğğğ˜ ğŸğŸğŸğŸ” ğŸ•Œ Come and join us now to show your best sholawat performance ğŸ¤ğŸ¼ Register your team now before registration closes! â³âœ¨ ğŸ—“ï¸ ğ‘ğ„ğ†ğˆğ’ğ“ğ‘ğ€ğ“ğˆğğ ğ“ğˆğŒğ„ğ‹ğˆğğ„ ğŸ—“ï¸ â–ªï¸ Batch 1 : 17 Desember 2025 â€“ 02 Januari 2026 â–ªï¸ Batch 2 : 02 Januari 2026 â€“ 29 Januari 2026 â–ªï¸ Registration Closed : 30 Januari 2026 â–ªï¸ Technical Meeting Peserta (Online) : 31 Januari 2026 â–ªï¸ Event Day : 7 Februari 2026 ğŸ’³ ğğ€ğ˜ğŒğ„ğğ“ ğŒğ„ğ“ğ‡ğğƒ ğŸ’³ BCA â€“ 822 153548 1 a.n Namira ğŸ‘‰ğŸ» ğŒğğ‘ğ„ ğˆğğ…ğğ‘ğŒğ€ğ“ğˆğğ https://mansdacup2k26.carrd.co/ ğŸ”— ğ‘ğ„ğ†ğˆğ’ğ“ğ‘ğ€ğ“ğˆğğ ğ‹ğˆğğŠ https://forms.gle/c3MJ1jKkVT5f16Tq6 ğŸ­ ğ‚ğğğ“ğ€ğ‚ğ“ ğğ„ğ‘ğ’ğğ ğŸ­ ğŸ“² Dhilah : +62 812-1195-1503 ğŸ“² Najela : +62 823-3208-4001 âœ¨ Let your sholawat be heard and your harmony inspire! âœ¨ #FestivalBanjariSymphony2026 #BanjariCompetition #SholawatYouthHarmony #MansdaCupSymphony2026"".",202 likes, 31 comments - infolomba on December 31, 2025: "[ğ™ˆğ˜¼ğ™‰ ğ™ğ™ğ™™ğ™¤ğ™–ğ™§ğ™Ÿğ™¤ ğ™‹ğ™§ğ™¤ğ™ªğ™™ğ™¡ğ™® ğ™‹ğ™§ğ™šğ™¨ğ™šğ™£ğ™©ğ™¨] ğŸ•Œ ğ…ğ„ğ’ğ“ğˆğ•ğ€ğ‹ ğğ€ğğ‰ğ€ğ‘ğˆ ğ’ğ˜ğŒğğ‡ğğğ˜ ğŸğŸğŸğŸ” ğŸ•Œ Come and join us now to show your best sholawat performance ğŸ¤ğŸ¼ Register your team now before registration closes! â³âœ¨ ğŸ—“ï¸ ğ‘ğ„ğ†ğˆğ’ğ“ğ‘ğ€ğ“ğˆğğ ğ“ğˆğŒğ„ğ‹ğˆğğ„ ğŸ—“ï¸ â–ªï¸ Batch 1 : 17 Desember 2025 â€“ 02 Januari 2026 â–ªï¸ Batch 2 : 02 Januari 2026 â€“ 29 Januari 2026 â–ªï¸ Registration Closed : 30 Januari 2026 â–ªï¸ Technical Meeting Peserta (Online) : 31 Januari 2026 â–ªï¸ Event Day : 7 Februari 2026 ğŸ’³ ğğ€ğ˜ğŒğ„ğğ“ ğŒğ„ğ“ğ‡ğğƒ ğŸ’³ BCA â€“ 822 153548 1 a.n Namira ğŸ‘‰ğŸ» ğŒğğ‘ğ„ ğˆğğ…ğğ‘ğŒğ€ğ“ğˆğğ https://mansdacup2k26.carrd.co/ ğŸ”— ğ‘ğ„ğ†ğˆğ’ğ“ğ‘ğ€ğ“ğˆğğ ğ‹ğˆğğŠ https://forms.gle/c3MJ1jKkVT5f16Tq6 ğŸ­ ğ‚ğğğ“ğ€ğ‚ğ“ ğğ„ğ‘ğ’ğğ ğŸ­ ğŸ“² Dhilah : +62 812-1195-1503 ğŸ“² Najela : +62 823-3208-4001 âœ¨ Let your sholawat be heard and your harmony inspire! âœ¨ #FestivalBanjariSymphony2026 #BanjariCompetition #SholawatYouthHarmony #MansdaCupSymphony2026".,,2025-12-31T10:11:10.000Z,,,81211951503;82332084001,,pending,,
6dfe40f8,scraped-6dfe40f8-1768117441149.json,20,https://www.instagram.com/infolomba/p/DS6pYcJD_yb/,"261 likes, 32 comments - infolomba on December 30, 2025: ""ğŸŒŒ ğ’ğŒğ€ ğ€ğ‹-ğ‡ğ€ğ’ğ‘ğ€ ğğ‘ğğ”ğƒğ‹ğ˜ ğğ‘ğ„ğ’ğ„ğğ“ ğŸŒŒ ğŸ¯ ğ€ğ’ğ“ğ‘ğğ ğ‚ğ”ğ ğŸğŸ ğŸ§‘ğŸ»â€ğŸš€ğŸš€ ğ‘­ğ’“ğ’ğ’ ğ‘ºğ’•ğ’‚ğ’“ğ’ğ’Šğ’ˆğ’‰ğ’• ğ’•ğ’ ğ‘ºğ’‘ğ’ğ’•ğ’ğ’Šğ’ˆğ’‰ğ’•, ğ‘³ğ’†ğ’• ğ’•ğ’‰ğ’† ğ‘¹ğ’Šğ’”ğ’† ğ‘©ğ’†ğ’ˆğ’Šğ’! âœ®â‹†Ë™ ğŸ—“ï¸ ğƒğšğ­ğ : 10, 15, and 17 January 2026 ğŸš€ ğğğ„ğ ğ‘ğ„ğ†ğˆğ’ğ“ğ‘ğ€ğ“ğˆğğ ğğğ–! ğŸ“† 1 December 2025 â€“ 10 January 2026 ğŸ”— ğ’ğœğšğ§ ğ­ğ¡ğ ğğšğ«ğœğ¨ğğ ğŸğ¨ğ« ğ‘ğğ ğ¢ğ¬ğ­ğ«ğšğ­ğ¢ğ¨ğ§ & ğ†ğ®ğ¢ğğğ›ğ¨ğ¨ğ¤ ğ¨ğ« ğ•ğ¢ğ¬ğ¢ğ­ ğ­ğ¡ğ¢ğ¬ ğ‹ğ¢ğ§ğ¤ ğŸŒ https://msha.ke/astroncup12 â”â”â”â”â”â”â”â”â”â”â”â”â”â”â”â”â”â”â”â”â”â”â”â” á¯“ ğ€ğ¬ğ­ğ«ğ¨ğ§ ğ‚ğ®ğ© ğŸğŸ ğ‚ğ¨ğ¦ğ©ğğ­ğ¢ğ­ğ¢ğ¨ğ§ ğğ¨ğ¨ğ¤ğ¥ğğ­ â˜… Video 7 Kaih ğŸ¥ (SMP/SEDERAJAT) â¤· Gratisâ€¼ï¸ â˜… Badminton Tunggal Putra ğŸ¸ (SMP/SEDERAJAT) â¤· Rp. 250.000,-â€¼ï¸ â˜… Badminton Beregu ğŸ¸ (SMA/SEDERAJAT) â¤· Rp. 350.000,-â€¼ï¸ â˜… Futsal âš½ (SMA/SEDERAJAT) â¤· Rp. 300.000,- + Rp. 50.000,- (WO) / timâ€¼ï¸ â˜… MHQ ğŸ•Œ (SMA/SEDERAJAT) â¤· Rp. 50.000,-â€¼ï¸ â˜… Solo Vokal ğŸ¤ (SMA/SEDERAJAT) â¤· Rp. 50.000,-â€¼ï¸ â˜… Ratoh Jaroe ğŸ‘¯ğŸ»â€â™€ï¸ (SMA/SEDERAJAT) â¤· Rp. 250.000,- + Rp. 50.000,- (WO) / timâ€¼ï¸ â”€â”€â”€â”€â”€â”€â”€â”€â”€â”€â”€â”€â”€â”€â”€â”€â”€â”€â”€â”€â”€â”€â”€â”€ ğŸ ğ‘»ğ‘¶ğ‘»ğ‘¨ğ‘³ ğ‘¯ğ‘¨ğ‘«ğ‘°ğ‘¨ğ‘¯ ğ’€ğ‘¨ğ‘µğ‘® ğ‘©ğ‘°ğ‘ºğ‘¨ ğ‘²ğ‘¨ğ‘´ğ‘¼ ğ‘«ğ‘¨ğ‘·ğ‘¨ğ‘»ğ‘²ğ‘¨ğ‘µ ğŸ â¤· Piala ğŸ† â¤· Sertifikat ğŸ–¼ï¸ â¤· Uang pembinaan ğŸ’µ â”€â”€â”€â”€â”€â”€â”€â”€â”€â”€â”€â”€â”€â”€â”€â”€â”€â”€â”€â”€â”€â”€â”€â”€ â˜ ğ…ğ¨ğ« ğ¦ğ¨ğ«ğ ğ¢ğ§ğŸğ¨ğ«ğ¦ğšğ­ğ¢ğ¨ğ§: ğŸ‘¥ ğ‚ğ¨ğ§ğ­ğšğœğ­ ğğğ«ğ¬ğ¨ğ§ ğŸ‘¤ ğ‡ğšğ§ğš: 085781266358 ğŸ‘¤ ğŒğ®ğ¥ğš: 08116882610 á¯“â˜… ğğ®ğ« ğ’ğ¨ğœğ¢ğšğ¥ ğŒğğğ¢ğš ğŸ¯ğŸŒŒ â¤· ğŸ“¸ ğˆğ§ğ¬ğ­ğšğ ğ«ğšğ¦: @astron.cup12 â¤· ğŸµ ğ“ğ¢ğ¤ğ“ğ¨ğ¤: @astroncup.official #ASTRONCUP12 #OSISSMAALHASRA #SMAALHASRA #EventSekolah #LombaSekolah"".",261 likes, 32 comments - infolomba on December 30, 2025: "ğŸŒŒ ğ’ğŒğ€ ğ€ğ‹-ğ‡ğ€ğ’ğ‘ğ€ ğğ‘ğğ”ğƒğ‹ğ˜ ğğ‘ğ„ğ’ğ„ğğ“ ğŸŒŒ ğŸ¯ ğ€ğ’ğ“ğ‘ğğ ğ‚ğ”ğ ğŸğŸ ğŸ§‘ğŸ»â€ğŸš€ğŸš€ ğ‘­ğ’“ğ’ğ’ ğ‘ºğ’•ğ’‚ğ’“ğ’ğ’Šğ’ˆğ’‰ğ’• ğ’•ğ’ ğ‘ºğ’‘ğ’ğ’•ğ’ğ’Šğ’ˆğ’‰ğ’•, ğ‘³ğ’†ğ’• ğ’•ğ’‰ğ’† ğ‘¹ğ’Šğ’”ğ’† ğ‘©ğ’†ğ’ˆğ’Šğ’! âœ®â‹†Ë™ ğŸ—“ï¸ ğƒğšğ­ğ : 10, 15, and 17 January 2026 ğŸš€ ğğğ„ğ ğ‘ğ„ğ†ğˆğ’ğ“ğ‘ğ€ğ“ğˆğğ ğğğ–! ğŸ“† 1 December 2025 â€“ 10 January 2026 ğŸ”— ğ’ğœğšğ§ ğ­ğ¡ğ ğğšğ«ğœğ¨ğğ ğŸğ¨ğ« ğ‘ğğ ğ¢ğ¬ğ­ğ«ğšğ­ğ¢ğ¨ğ§ & ğ†ğ®ğ¢ğğğ›ğ¨ğ¨ğ¤ ğ¨ğ« ğ•ğ¢ğ¬ğ¢ğ­ ğ­ğ¡ğ¢ğ¬ ğ‹ğ¢ğ§ğ¤ ğŸŒ https://msha.ke/astroncup12 â”â”â”â”â”â”â”â”â”â”â”â”â”â”â”â”â”â”â”â”â”â”â”â” á¯“ ğ€ğ¬ğ­ğ«ğ¨ğ§ ğ‚ğ®ğ© ğŸğŸ ğ‚ğ¨ğ¦ğ©ğğ­ğ¢ğ­ğ¢ğ¨ğ§ ğğ¨ğ¨ğ¤ğ¥ğğ­ â˜… Video 7 Kaih ğŸ¥ (SMP/SEDERAJAT) â¤· Gratisâ€¼ï¸ â˜… Badminton Tunggal Putra ğŸ¸ (SMP/SEDERAJAT) â¤· Rp. 250.000,-â€¼ï¸ â˜… Badminton Beregu ğŸ¸ (SMA/SEDERAJAT) â¤· Rp. 350.000,-â€¼ï¸ â˜… Futsal âš½ (SMA/SEDERAJAT) â¤· Rp. 300.000,- + Rp. 50.000,- (WO) / timâ€¼ï¸ â˜… MHQ ğŸ•Œ (SMA/SEDERAJAT) â¤· Rp. 50.000,-â€¼ï¸ â˜… Solo Vokal ğŸ¤ (SMA/SEDERAJAT) â¤· Rp. 50.000,-â€¼ï¸ â˜… Ratoh Jaroe ğŸ‘¯ğŸ»â€â™€ï¸ (SMA/SEDERAJAT) â¤· Rp. 250.000,- + Rp. 50.000,- (WO) / timâ€¼ï¸ â”€â”€â”€â”€â”€â”€â”€â”€â”€â”€â”€â”€â”€â”€â”€â”€â”€â”€â”€â”€â”€â”€â”€â”€ ğŸ ğ‘»ğ‘¶ğ‘»ğ‘¨ğ‘³ ğ‘¯ğ‘¨ğ‘«ğ‘°ğ‘¨ğ‘¯ ğ’€ğ‘¨ğ‘µğ‘® ğ‘©ğ‘°ğ‘ºğ‘¨ ğ‘²ğ‘¨ğ‘´ğ‘¼ ğ‘«ğ‘¨ğ‘·ğ‘¨ğ‘»ğ‘²ğ‘¨ğ‘µ ğŸ â¤· Piala ğŸ† â¤· Sertifikat ğŸ–¼ï¸ â¤· Uang pembinaan ğŸ’µ â”€â”€â”€â”€â”€â”€â”€â”€â”€â”€â”€â”€â”€â”€â”€â”€â”€â”€â”€â”€â”€â”€â”€â”€ â˜ ğ…ğ¨ğ« ğ¦ğ¨ğ«ğ ğ¢ğ§ğŸğ¨ğ«ğ¦ğšğ­ğ¢ğ¨ğ§: ğŸ‘¥ ğ‚ğ¨ğ§ğ­ğšğœğ­ ğğğ«ğ¬ğ¨ğ§ ğŸ‘¤ ğ‡ğšğ§ğš: 085781266358 ğŸ‘¤ ğŒğ®ğ¥ğš: 08116882610 á¯“â˜… ğğ®ğ« ğ’ğ¨ğœğ¢ğšğ¥ ğŒğğğ¢ğš ğŸ¯ğŸŒŒ â¤· ğŸ“¸ ğˆğ§ğ¬ğ­ğšğ ğ«ğšğ¦: @astron.cup12 â¤· ğŸµ ğ“ğ¢ğ¤ğ“ğ¨ğ¤: @astroncup.official #ASTRONCUP12 #OSISSMAALHASRA #SMAALHASRA #EventSekolah #LombaSekolah".,,2025-12-31T05:37:21.000Z,,,085781266358;08116882610,,pending,,
6dfe40f8,scraped-6dfe40f8-1768117441149.json,21,https://www.instagram.com/infolomba/p/DS6bh-fD0c9/,"612 likes, 35 comments - infolomba on December 30, 2025: ""âœ¨ IGNITE FUTURE FEST 2026 âœ¨ National Essay & Business Plan Competition Saatnya ide, gagasan, dan inovasi kamu naik level ğŸ”¥ Bersama Futura Innovation Hub dan UIN Sunan Gunung Djati Bandung, Ignite Future Fest 2026 hadir sebagai ruang kolaborasi akademik dan kewirausahaan untuk mendorong pembangunan inklusif dan pencapaian SDGs di Indonesia. ğŸ“ Bandung Session ğŸ—“ 4â€“5 April 2026 ğŸ“ Cabang: Essay & Business Plan ğŸ Reward: Cash Prize, Trophy, Medali, dan Sertifikat Nasional ğŸ¯ Subtema unggulan: Teknologi & Transformasi Digital, Energi & Lingkungan, Pertanian Pangan & Peternakan, Pendidikan & Sains, Gizi & Kesehatan, Industri Kreatif, Sosial & Ekonomi, Kuliner & Fashion. ğŸ†“ FREE REGISTRATION (bersyarat) â³ Periode: 27 Desember 2025 â€“ 18 Januari 2026 ğŸ”— Daftar & unduh guidebook sekarang: ğŸ‘‰ linktr.ee/ignitefuturefest Saatnya jadi bagian dari generasi pembawa perubahan. Ide kamu, masa depan Indonesia. ğŸš€ #IgniteFutureFest2026 #NationalCompetition #EssayCompetition #BusinessPlanCompetition #FuturaInnovationHub"".",612 likes, 35 comments - infolomba on December 30, 2025: "âœ¨ IGNITE FUTURE FEST 2026 âœ¨ National Essay & Business Plan Competition Saatnya ide, gagasan, dan inovasi kamu naik level ğŸ”¥ Bersama Futura Innovation Hub dan UIN Sunan Gunung Djati Bandung, Ignite Future Fest 2026 hadir sebagai ruang kolaborasi akademik dan kewirausahaan untuk mendorong pembangunan inklusif dan pencapaian SDGs di Indonesia. ğŸ“ Bandung Session ğŸ—“ 4â€“5 April 2026 ğŸ“ Cabang: Essay & Business Plan ğŸ Reward: Cash Prize, Trophy, Medali, dan Sertifikat Nasional ğŸ¯ Subtema unggulan: Teknologi & Transformasi Digital, Energi & Lingkungan, Pertanian Pangan & Peternakan, Pendidikan & Sains, Gizi & Kesehatan, Industri Kreatif, Sosial & Ekonomi, Kuliner & Fashion. ğŸ†“ FREE REGISTRATION (bersyarat) â³ Periode: 27 Desember 2025 â€“ 18 Januari 2026 ğŸ”— Daftar & unduh guidebook sekarang: ğŸ‘‰ linktr.ee/ignitefuturefest Saatnya jadi bagian dari generasi pembawa perubahan. Ide kamu, masa depan Indonesia. ğŸš€ #IgniteFutureFest2026 #NationalCompetition #EssayCompetition #BusinessPlanCompetition #FuturaInnovationHub".,,2025-12-31T03:36:20.000Z,,,,,pending,,
6dfe40f8,scraped-6dfe40f8-1768117441149.json,22,https://www.instagram.com/infolomba/p/DS6Jh8Wj1ld/,"188 likes, 33 comments - infolomba on December 30, 2025: ""YO YO YO Torchbearers! ğŸ”¥ AISC X Bimbel Bintang Pelajar Proudly Present LOMBA TRY OUT UTBK Kali Ini Hadir di AISC 2026! Sebuah lomba baru yang belum ada di AISC-AISC sebelumnya, Lomba ini adalah hasil Kolaborasi dengan Bimbel Bintang PelajarğŸ’¥ Lomba ini GRATIS tanpa dipungut biaya sepeser pun Ikut lomba ini segera untuk mengasah skill-mu sebelum UTBK dan mencari peluang untuk menjadi pemenang! Eits, Lomba ini Ga Hanya untuk Ikhwan Aja, T Buat IKHWAN & AKHWAT (Laki-Laki dan Perempuan) Loh Friends!! Untuk pemenang hadiahnya gak kaleng-kaleng ya!, nunggu apa lagi?, ayo buruan daftar! ğŸ”¥ğŸ”¥ğŸ”¥ ğŸ“†ğ’ğ€ğ•ğ„ ğ“ğ‡ğ„ ğƒğ€ğ“ğ„ !!!ğŸ“† ğŸ“© Pendaftaran Lomba 22 November 2025 â€”10 Januari 2026 ğŸ“š Pelaksanaan Lomba (TO UTBK): 22 Januari 2026 (Penyisihan) 29 Januari 2026 (Final) EMBRACE THE CHALLENGE, BECOME THE STAR âœ¨ ğŸ“Our Social Media Instagram : @aiscikhwan Tiktok : @aiscikhwan26 Youtube : KISAH - Jurnalistik SMA BPIBS Website : aiscikhwan26.crd.co Whatsapp : CompetitionğŸ : - ğŸ“²+62 851-1784-8841 - ğŸ“²+62 851-1784-8843 Sponsorship ğŸ’¸: - ğŸ“²+62 851-2336-8122 #AISC202"".",188 likes, 33 comments - infolomba on December 30, 2025: "YO YO YO Torchbearers! ğŸ”¥ AISC X Bimbel Bintang Pelajar Proudly Present LOMBA TRY OUT UTBK Kali Ini Hadir di AISC 2026! Sebuah lomba baru yang belum ada di AISC-AISC sebelumnya, Lomba ini adalah hasil Kolaborasi dengan Bimbel Bintang PelajarğŸ’¥ Lomba ini GRATIS tanpa dipungut biaya sepeser pun Ikut lomba ini segera untuk mengasah skill-mu sebelum UTBK dan mencari peluang untuk menjadi pemenang! Eits, Lomba ini Ga Hanya untuk Ikhwan Aja, T Buat IKHWAN & AKHWAT (Laki-Laki dan Perempuan) Loh Friends!! Untuk pemenang hadiahnya gak kaleng-kaleng ya!, nunggu apa lagi?, ayo buruan daftar! ğŸ”¥ğŸ”¥ğŸ”¥ ğŸ“†ğ’ğ€ğ•ğ„ ğ“ğ‡ğ„ ğƒğ€ğ“ğ„ !!!ğŸ“† ğŸ“© Pendaftaran Lomba 22 November 2025 â€”10 Januari 2026 ğŸ“š Pelaksanaan Lomba (TO UTBK): 22 Januari 2026 (Penyisihan) 29 Januari 2026 (Final) EMBRACE THE CHALLENGE, BECOME THE STAR âœ¨ ğŸ“Our Social Media Instagram : @aiscikhwan Tiktok : @aiscikhwan26 Youtube : KISAH - Jurnalistik SMA BPIBS Website : aiscikhwan26.crd.co Whatsapp : CompetitionğŸ : - ğŸ“²+62 851-1784-8841 - ğŸ“²+62 851-1784-8843 Sponsorship ğŸ’¸: - ğŸ“²+62 851-2336-8122 #AISC202".,,2025-12-31T00:59:03.000Z,,,85117848841;85117848843;85123368122,,pending,,
6dfe40f8,scraped-6dfe40f8-1768117441149.json,23,https://www.instagram.com/infolomba/p/DS4769VD-64/,"551 likes, 43 comments - infolomba on December 30, 2025: ""ğˆğ­â€™ğ¬ ğ­ğ¢ğ¦ğ ğ­ğ¨ ğ¥ğğ¯ğğ¥ ğ®ğ©! ğŸš€ ğ’ğ‹ ğ‚ğ”ğ ğŸğŸğŸğŸ” is officially open! This year, ğ’ğ‹ ğ‚ğ”ğ brings 12 selected competitions that ğ®ğ§ğ¢ğ­ğ ğ©ğšğ¬ğ¬ğ¢ğ¨ğ§, ğœğ«ğğšğ­ğ¢ğ¯ğ¢ğ­ğ², ğšğ§ğ ğ¬ğ©ğ¨ğ«ğ­ğ¬ğ¦ğšğ§ğ¬ğ¡ğ¢ğ©, ğŸğ«ğ¨ğ¦ ğœğ¨ğ¦ğ©ğğ­ğ¢ğ­ğ¢ğ¯ğ ğ¬ğ©ğ¨ğ«ğ­ğ¬ ğ­ğ¨ ğšğ«ğ­ğ¢ğ¬ğ­ğ¢ğœ ğ©ğğ«ğŸğ¨ğ«ğ¦ğšğ§ğœğğ¬. Open to high school and university students aged up to 22, this is your stage to challenge yourself and prove what youâ€™re capable of. Step forward, take the challenge, and make your mark. ğŸ“Œ Register now at: bit.ly/SLCup2026 @slcup.uphmedan for info Are you ready to compete, grow, and be part of ğ’ğ‹ ğ‚ğ”ğ ğŸğŸğŸğŸ”? ğŸ†ğŸ”¥ #SLCUP2026 #FromSkillsToSpirit #bemuphmedan #SpiritOfExcellence #TeamworkTakesOver"".",551 likes, 43 comments - infolomba on December 30, 2025: "ğˆğ­â€™ğ¬ ğ­ğ¢ğ¦ğ ğ­ğ¨ ğ¥ğğ¯ğğ¥ ğ®ğ©! ğŸš€ ğ’ğ‹ ğ‚ğ”ğ ğŸğŸğŸğŸ” is officially open! This year, ğ’ğ‹ ğ‚ğ”ğ brings 12 selected competitions that ğ®ğ§ğ¢ğ­ğ ğ©ğšğ¬ğ¬ğ¢ğ¨ğ§, ğœğ«ğğšğ­ğ¢ğ¯ğ¢ğ­ğ², ğšğ§ğ ğ¬ğ©ğ¨ğ«ğ­ğ¬ğ¦ğšğ§ğ¬ğ¡ğ¢ğ©, ğŸğ«ğ¨ğ¦ ğœğ¨ğ¦ğ©ğğ­ğ¢ğ­ğ¢ğ¯ğ ğ¬ğ©ğ¨ğ«ğ­ğ¬ ğ­ğ¨ ğšğ«ğ­ğ¢ğ¬ğ­ğ¢ğœ ğ©ğğ«ğŸğ¨ğ«ğ¦ğšğ§ğœğğ¬. Open to high school and university students aged up to 22, this is your stage to challenge yourself and prove what youâ€™re capable of. Step forward, take the challenge, and make your mark. ğŸ“Œ Register now at: bit.ly/SLCup2026 @slcup.uphmedan for info Are you ready to compete, grow, and be part of ğ’ğ‹ ğ‚ğ”ğ ğŸğŸğŸğŸ”? ğŸ†ğŸ”¥ #SLCUP2026 #FromSkillsToSpirit #bemuphmedan #SpiritOfExcellence #TeamworkTakesOver".,,2025-12-30T13:40:53.000Z,,,,,pending,,
6dfe40f8,scraped-6dfe40f8-1768117441149.json,24,https://www.instagram.com/infolomba/p/DS4vKhUj7bg/,"273 likes, 39 comments - infolomba on December 30, 2025: ""âœ¨ JASFEST 2026 (El Jasmeen Festival)âœ¨ Haloo teman-teman!!! Untuk memperingati Israâ€™ Miâ€™raj kami mengadakan berbagai kompetisi menarik niiihhâ‰ï¸ğŸ™ŒğŸ¼ ğŸ† _(SD/MI, Sederajat Tingkat Malang Raya)_ ğŸ’°Biaya PendaftaranğŸ’° ğŸ“Œ Gelombang 1 : 20k ğŸ“ŒGelombang 2 : 30k ğŸ›ï¸ Cerdas Cermat Islam ğŸ›ï¸ ğŸ“±CP : Usth. Ayu (081336660705) ğŸ‘³ğŸ»â€â™€ï¸ MTQ ğŸ§•ğŸ» ğŸ“±CP : Ust. Febri (089524043077) ğŸ¬ Story Telling ğŸ¬ ğŸ“±CP : Usth Tasya (081224814851) âš ï¸Informasi selanjutnya bisa diakses melalui laman Webâš ï¸ Link Web https://bit.ly/JASFEST2026 ğŸ† _(SMP/MTs Sederajat Tingkat Jawa Timur)_ ğŸ’°Biaya PendaftaranğŸ’° ğŸ“Œ Gelombang 1 : 25k ğŸ“ŒGelombang 2 : 35k ğŸ“ Olimpiade PAI ğŸ“ ğŸ“±CP : Ust Ali (081515007803) ğŸ‘³ğŸ»â€â™€ï¸ Dai Muda ğŸ§•ğŸ¼ ğŸ“±CP : Usth Firda (085755565418) ğŸ’» Poster DigitalğŸ’» ğŸ“±CP : Usth Wulan (082135527931) âš ï¸Informasi selanjutnya bisa diakses melalui laman Webâš ï¸ Link Web https://bit.ly/jasfest2026 ğŸ“±CP Panitia Ust Miftah (08563319536) Usth Lilis (083197548786) Apalagi yang kalian tunggu? Segera daftarkan diri kalian untuk berkompetisi dan ikut serta dalam JASFEST 2026ğŸ™ŒğŸ¼ğŸ˜ ğŸ’¸_Dengan total hadiah jutaan rupiah_ dan berbagai hadiahğŸ’¸ âœ¨_Participating in this event is the first step to show your potential and explore opportunities you have never imaginedâœ¨_ #jasfest2026 #infolomba #eljasmeenfestival"".",273 likes, 39 comments - infolomba on December 30, 2025: "âœ¨ JASFEST 2026 (El Jasmeen Festival)âœ¨ Haloo teman-teman!!! Untuk memperingati Israâ€™ Miâ€™raj kami mengadakan berbagai kompetisi menarik niiihhâ‰ï¸ğŸ™ŒğŸ¼ ğŸ† _(SD/MI, Sederajat Tingkat Malang Raya)_ ğŸ’°Biaya PendaftaranğŸ’° ğŸ“Œ Gelombang 1 : 20k ğŸ“ŒGelombang 2 : 30k ğŸ›ï¸ Cerdas Cermat Islam ğŸ›ï¸ ğŸ“±CP : Usth. Ayu (081336660705) ğŸ‘³ğŸ»â€â™€ï¸ MTQ ğŸ§•ğŸ» ğŸ“±CP : Ust. Febri (089524043077) ğŸ¬ Story Telling ğŸ¬ ğŸ“±CP : Usth Tasya (081224814851) âš ï¸Informasi selanjutnya bisa diakses melalui laman Webâš ï¸ Link Web https://bit.ly/JASFEST2026 ğŸ† _(SMP/MTs Sederajat Tingkat Jawa Timur)_ ğŸ’°Biaya PendaftaranğŸ’° ğŸ“Œ Gelombang 1 : 25k ğŸ“ŒGelombang 2 : 35k ğŸ“ Olimpiade PAI ğŸ“ ğŸ“±CP : Ust Ali (081515007803) ğŸ‘³ğŸ»â€â™€ï¸ Dai Muda ğŸ§•ğŸ¼ ğŸ“±CP : Usth Firda (085755565418) ğŸ’» Poster DigitalğŸ’» ğŸ“±CP : Usth Wulan (082135527931) âš ï¸Informasi selanjutnya bisa diakses melalui laman Webâš ï¸ Link Web https://bit.ly/jasfest2026 ğŸ“±CP Panitia Ust Miftah (08563319536) Usth Lilis (083197548786) Apalagi yang kalian tunggu? Segera daftarkan diri kalian untuk berkompetisi dan ikut serta dalam JASFEST 2026ğŸ™ŒğŸ¼ğŸ˜ ğŸ’¸_Dengan total hadiah jutaan rupiah_ dan berbagai hadiahğŸ’¸ âœ¨_Participating in this event is the first step to show your potential and explore opportunities you have never imaginedâœ¨_ #jasfest2026 #infolomba #eljasmeenfestival".,,2025-12-30T11:49:24.000Z,,,081336660705;089524043077;081224814851;081515007803;085755565418;082135527931;08563319536;083197548786,,pending,,
6dfe40f8,scraped-6dfe40f8-1768117441149.json,25,https://www.instagram.com/infolomba/p/DS4eViUD0oy/,"641 likes, 47 comments - infolomba on December 30, 2025: ""ğŸ‰ Lomba Bidang Studi Kimia XXII RESMI DIBUKA! Ayo tunjukkan inovasimu dalam dua ajang besar: Lomba Poster Tingkat Nasional dan Kompetisi Kimia Se-Kalimantan Barat! ğŸ”¬ğŸ¨ ğŸ¨ 1. LOMBA POSTER LBSK XXII â€” Tingkat Nasional ğŸ¯ Tema Utama â€œDari Alam Untuk Alam: Indikator Warna Alami sebagai Inovasi Green Chemistry dalam Analisis Kimiaâ€ Subtema: Lingkungan, Green Chemistry, Teknologi Pendidikan ğŸ—“ TIMELINE LOMBA POSTER Gel. 1: 1 Jan â€“ 24 Jan 2026 Gel. 2: 25 Jan â€“ 28 Feb 2026 Pengumpulan Karya: 1 Maret 2026 â€“ 25 Maret 2026 Seleksi Awal: 28 Maret 2026 â€“ 5 April 2026 Penjurian: 6 â€“ 15 April 2026 Pengumuman Finalis: 18 April 2026 Voting Video Favorit: 21 â€“ 24 April 2026 Technical Meeting: 24 April 2026 Presentasi Finalis: 25 April 2026 ğŸ–Pengumuman Pemenang: 25 April 2026 ğŸ† HADIAH LOMBA POSTER SMA/Sederajat : âœ¨Juara 1-3 dan Favorit: Uang Pembinaan, Piala, Souvenir, Sertifikat SMP/Sederajat : âœ¨Juara 1-3: Piala, Souvenir, Sertifikat ğŸ’µ BIAYA PENDAFTARAN POSTER SMA/Sederajat : - Rp35.000 (Gel. 1) - Rp40.000 (Gel. 2) SMP/Sederajat : - Rp20.000 (Gel.1) - Rp25.000 (Gel. 2) ğŸ’°PEMBAYARAN POSTER BNI â€” 1796733477 a.n Siti Hutsiyah ğŸ”¬ 2. KOMPETISI KIMIA â€” Se-Kalimantan Barat Tema : â€œMenjelajahi Kimia Melalui Transformasi Digital untuk Menciptakan Inovasi Sains yang Kreatif dan Berkelanjutanâ€ ğŸ—“ TIMELINE KOMPETISI KIMIA Gel. 1: 15 Desember 2025 â€“ 21 Jan 2026 Gel. 2: 22 Jan â€“ 19 Februari 2026 Seleksi Daerah: 21 Februari 2026 Babak Kualifikasi: 22 Februari 2026 Technical Meeting: 19 April 2026 Seleksi Puncak: 25 April 2026 1. Lomba Cepat Tepat (LCT) 2. Mini Laboratory of Chemistry (MLC) ğŸ–Pengumuman Pemenang : 25 April 2026 ğŸ† HADIAH KOMPETISI KIMIA âœ¨Juara I-IV: Piala, Sertifikat, Uang Pembinaan, Souvenir ğŸ’°PEMBAYARAN KOMPETISI KIMIA BNI â€” 1986296293 a.n Alya Nurjihaan ğŸ“„ PENDAFTARAN & PANDUAN ğŸ”— https://linktr.ee/lbsk.fmipauntan â˜ CONTACT PERSON Poster Nasional: â€¢ Siti Hutsiyah â€” 085828340943 â€¢ Najwa Nur Azwina â€” 082158378277 Kompetisi Kimia : â€¢ Karisma Apriana â€” 089509066292 â€¢ Gloria Mayva Nayoan â€” 085712450569 ğŸ“± OFFICIAL MEDIA Facebook: Lbsk Fmipa Untan Instagram: @lbsk.fmipauntan TikTok: @lbsk.fmipauntan Twitter: LBSK_FmipaUntan Blog: himkifmipauntan.blogspot.com"".",641 likes, 47 comments - infolomba on December 30, 2025: "ğŸ‰ Lomba Bidang Studi Kimia XXII RESMI DIBUKA! Ayo tunjukkan inovasimu dalam dua ajang besar: Lomba Poster Tingkat Nasional dan Kompetisi Kimia Se-Kalimantan Barat! ğŸ”¬ğŸ¨ ğŸ¨ 1. LOMBA POSTER LBSK XXII â€” Tingkat Nasional ğŸ¯ Tema Utama â€œDari Alam Untuk Alam: Indikator Warna Alami sebagai Inovasi Green Chemistry dalam Analisis Kimiaâ€ Subtema: Lingkungan, Green Chemistry, Teknologi Pendidikan ğŸ—“ TIMELINE LOMBA POSTER Gel. 1: 1 Jan â€“ 24 Jan 2026 Gel. 2: 25 Jan â€“ 28 Feb 2026 Pengumpulan Karya: 1 Maret 2026 â€“ 25 Maret 2026 Seleksi Awal: 28 Maret 2026 â€“ 5 April 2026 Penjurian: 6 â€“ 15 April 2026 Pengumuman Finalis: 18 April 2026 Voting Video Favorit: 21 â€“ 24 April 2026 Technical Meeting: 24 April 2026 Presentasi Finalis: 25 April 2026 ğŸ–Pengumuman Pemenang: 25 April 2026 ğŸ† HADIAH LOMBA POSTER SMA/Sederajat : âœ¨Juara 1-3 dan Favorit: Uang Pembinaan, Piala, Souvenir, Sertifikat SMP/Sederajat : âœ¨Juara 1-3: Piala, Souvenir, Sertifikat ğŸ’µ BIAYA PENDAFTARAN POSTER SMA/Sederajat : - Rp35.000 (Gel. 1) - Rp40.000 (Gel. 2) SMP/Sederajat : - Rp20.000 (Gel.1) - Rp25.000 (Gel. 2) ğŸ’°PEMBAYARAN POSTER BNI â€” 1796733477 a.n Siti Hutsiyah ğŸ”¬ 2. KOMPETISI KIMIA â€” Se-Kalimantan Barat Tema : â€œMenjelajahi Kimia Melalui Transformasi Digital untuk Menciptakan Inovasi Sains yang Kreatif dan Berkelanjutanâ€ ğŸ—“ TIMELINE KOMPETISI KIMIA Gel. 1: 15 Desember 2025 â€“ 21 Jan 2026 Gel. 2: 22 Jan â€“ 19 Februari 2026 Seleksi Daerah: 21 Februari 2026 Babak Kualifikasi: 22 Februari 2026 Technical Meeting: 19 April 2026 Seleksi Puncak: 25 April 2026 1. Lomba Cepat Tepat (LCT) 2. Mini Laboratory of Chemistry (MLC) ğŸ–Pengumuman Pemenang : 25 April 2026 ğŸ† HADIAH KOMPETISI KIMIA âœ¨Juara I-IV: Piala, Sertifikat, Uang Pembinaan, Souvenir ğŸ’°PEMBAYARAN KOMPETISI KIMIA BNI â€” 1986296293 a.n Alya Nurjihaan ğŸ“„ PENDAFTARAN & PANDUAN ğŸ”— https://linktr.ee/lbsk.fmipauntan â˜ CONTACT PERSON Poster Nasional: â€¢ Siti Hutsiyah â€” 085828340943 â€¢ Najwa Nur Azwina â€” 082158378277 Kompetisi Kimia : â€¢ Karisma Apriana â€” 089509066292 â€¢ Gloria Mayva Nayoan â€” 085712450569 ğŸ“± OFFICIAL MEDIA Facebook: Lbsk Fmipa Untan Instagram: @lbsk.fmipauntan TikTok: @lbsk.fmipauntan Twitter: LBSK_FmipaUntan Blog: himkifmipauntan.blogspot.com".,,2025-12-30T09:22:22.000Z,,,085828340943;082158378277;089509066292;085712450569,,pending,,
6dfe40f8,scraped-6dfe40f8-1768117441149.json,26,https://www.instagram.com/infolomba/p/DS4Pwohj-Bd/,"245 likes, 49 comments - infolomba on December 29, 2025: ""âœ¨ğŸŒ¹ ğ‘»ğ‘¯ğ‘¬ ğ‘´ğ‘¨ğ‘®ğ‘°ğ‘ª ğ‘ªğ‘¶ğ‘µğ‘»ğ‘°ğ‘µğ‘¼ğ‘¬ğ‘º! ğŸŒ¹âœ¨ Good news just dropped â€” ğ€ğŒğ‚ ğŸğŠğŸğŸ” ğğ…ğ…ğˆğ‚ğˆğ€ğ‹ğ‹ğ˜ ğ„ğ—ğ“ğ„ğğƒğ„ğƒ! ğŸ•¯ï¸ğŸ¾ ğŸ’« Unleash The Beast, Embrace The Beauty ğŸŒ¹âœ¨ Because dreams deserve a second chanceâ€¦ and bigger stages. ğŸ”¥ WHATâ€™S NEW? â€¢ ğŸ’¸ Registration fee is NOW CHEAPER â€¢ ğŸª„ SLOTS AVAILABLE â€¢ â³ Extended registration time Your moment didnâ€™t pass â€” it just got better. Let your light shine brighter and your spirit roar louder. ğŸ’ƒğŸ”¥ â”€â”€â”€â”€â”€â”€ â‹†â‹…â˜†â‹…â‹† â”€â”€â”€â”€â”€â”€ Categories: â€¢ ğŸ€ Basket 3x3 â€¢ âš½ Futsal â€¢ ğŸ¤ News Anchor â€¢ ğŸ•Œ Daâ€™i â€¢ ğŸ“– Story Telling â€¢ ğŸ¶ Akustik â€¢ ğŸ“œ Tahfidz â€¢ ğŸ¨ Melukis â€¢ âœ’ï¸ Cipta Baca Puisi ğŸ“… EXTENDED Registration Period: 2ï¸âƒ£0ï¸âƒ£ October 2025 â€“ 4ï¸âƒ£ January 2026 â”€â”€â”€â”€â”€â”€ â‹†â‹…â˜†â‹…â‹† â”€â”€â”€â”€â”€â”€ ğŸŒ¹ chances. Lower price. Bigger dreams. âœ¨ Secure your spot now via @almus.comp âœ¨ ğŸ“± Information: â€¢ Instagram: @almus.comp â€¢ TikTok: @osissmalmus #AMC2K26 #ExtendedRegistration #UnleashTheBeastEmbraceTheBeauty #smaalmuslim #almuslimjatim"".",245 likes, 49 comments - infolomba on December 29, 2025: "âœ¨ğŸŒ¹ ğ‘»ğ‘¯ğ‘¬ ğ‘´ğ‘¨ğ‘®ğ‘°ğ‘ª ğ‘ªğ‘¶ğ‘µğ‘»ğ‘°ğ‘µğ‘¼ğ‘¬ğ‘º! ğŸŒ¹âœ¨ Good news just dropped â€” ğ€ğŒğ‚ ğŸğŠğŸğŸ” ğğ…ğ…ğˆğ‚ğˆğ€ğ‹ğ‹ğ˜ ğ„ğ—ğ“ğ„ğğƒğ„ğƒ! ğŸ•¯ï¸ğŸ¾ ğŸ’« Unleash The Beast, Embrace The Beauty ğŸŒ¹âœ¨ Because dreams deserve a second chanceâ€¦ and bigger stages. ğŸ”¥ WHATâ€™S NEW? â€¢ ğŸ’¸ Registration fee is NOW CHEAPER â€¢ ğŸª„ SLOTS AVAILABLE â€¢ â³ Extended registration time Your moment didnâ€™t pass â€” it just got better. Let your light shine brighter and your spirit roar louder. ğŸ’ƒğŸ”¥ â”€â”€â”€â”€â”€â”€ â‹†â‹…â˜†â‹…â‹† â”€â”€â”€â”€â”€â”€ Categories: â€¢ ğŸ€ Basket 3x3 â€¢ âš½ Futsal â€¢ ğŸ¤ News Anchor â€¢ ğŸ•Œ Daâ€™i â€¢ ğŸ“– Story Telling â€¢ ğŸ¶ Akustik â€¢ ğŸ“œ Tahfidz â€¢ ğŸ¨ Melukis â€¢ âœ’ï¸ Cipta Baca Puisi ğŸ“… EXTENDED Registration Period: 2ï¸âƒ£0ï¸âƒ£ October 2025 â€“ 4ï¸âƒ£ January 2026 â”€â”€â”€â”€â”€â”€ â‹†â‹…â˜†â‹…â‹† â”€â”€â”€â”€â”€â”€ ğŸŒ¹ chances. Lower price. Bigger dreams. âœ¨ Secure your spot now via @almus.comp âœ¨ ğŸ“± Information: â€¢ Instagram: @almus.comp â€¢ TikTok: @osissmalmus #AMC2K26 #ExtendedRegistration #UnleashTheBeastEmbraceTheBeauty #smaalmuslim #almuslimjatim".,,2025-12-30T07:14:59.000Z,,,,,pending,,
6dfe40f8,scraped-6dfe40f8-1768117441149.json,27,https://www.instagram.com/infolomba/p/DS4E-WlD1se/,"730 likes, 61 comments - infolomba on December 29, 2025: ""Halo, Creators ğŸ‘‹ Setiap ide memiliki potensi untuk menciptakan perubahan. Melalui visual yang kuat, pesan tersebut dapat tersampaikan dengan lebih luasğŸ’™âœ¨ Dengan semangat muda, KAMADIKSI Universitas Dian Nuswantoro dengan bangga mempersembahkan... ğŸ‘‰ğŸ» ğ—Ÿğ—¼ğ—ºğ—¯ğ—® ğ—£ğ—¼ğ˜€ğ˜ğ—²ğ—¿ ğ——ğ—¶ğ—´ğ—¶ğ˜ğ—®ğ—¹ ğ—¡ğ—®ğ˜€ğ—¶ğ—¼ğ—»ğ—®ğ—¹ ğ——ğ—œğ—¡ğ—¨ğ—¦ğ—™ğ—˜ğ—¦ğ—§ ğŸ®ğŸ¬ğŸ®ğŸ² ğŸ‘ˆğŸ» Lomba ini mengusung tema: â€œAksi Nyata Generasi Muda: Penguatan Daya Saing Nasional melalui Inovasi Berkelanjutan menuju Indonesia Emas 2045â€ Sekarang waktunya creators tingkat SMA/SMK sederajat dan Mahasiswa di seluruh Indonesia untuk menyampaikan gagasan inovatif dan aksi nyata melalui Karya Poster Digital yang berdampakğŸš€ğŸ«±ğŸ»â€ğŸ«²ğŸ» Informasi Selengkapnya: https://bit.ly/LPDN-DinusFest2026 Hadiah Menarik Menanti ğŸ’° Uang Pembinaan ğŸ“ Voucher Pendidikan ğŸ“ƒ E-Sertifikat ğŸ† Piala Penghargaan Saatnya creators bersuara lewat karyağŸ“±ğŸŠ Pantau terus akun resmi kami dan jadilah bagian dari LPDN 2026â€¼ï¸ğŸ™ŒğŸ» @udinus_kamadiksi #DINUSFEST2026 #DinusFestKamadiksi2026 #LombaPosterDigital #KAMADIKSI #UdinusOfficial LombaNasional"".",730 likes, 61 comments - infolomba on December 29, 2025: "Halo, Creators ğŸ‘‹ Setiap ide memiliki potensi untuk menciptakan perubahan. Melalui visual yang kuat, pesan tersebut dapat tersampaikan dengan lebih luasğŸ’™âœ¨ Dengan semangat muda, KAMADIKSI Universitas Dian Nuswantoro dengan bangga mempersembahkan... ğŸ‘‰ğŸ» ğ—Ÿğ—¼ğ—ºğ—¯ğ—® ğ—£ğ—¼ğ˜€ğ˜ğ—²ğ—¿ ğ——ğ—¶ğ—´ğ—¶ğ˜ğ—®ğ—¹ ğ—¡ğ—®ğ˜€ğ—¶ğ—¼ğ—»ğ—®ğ—¹ ğ——ğ—œğ—¡ğ—¨ğ—¦ğ—™ğ—˜ğ—¦ğ—§ ğŸ®ğŸ¬ğŸ®ğŸ² ğŸ‘ˆğŸ» Lomba ini mengusung tema: â€œAksi Nyata Generasi Muda: Penguatan Daya Saing Nasional melalui Inovasi Berkelanjutan menuju Indonesia Emas 2045â€ Sekarang waktunya creators tingkat SMA/SMK sederajat dan Mahasiswa di seluruh Indonesia untuk menyampaikan gagasan inovatif dan aksi nyata melalui Karya Poster Digital yang berdampakğŸš€ğŸ«±ğŸ»â€ğŸ«²ğŸ» Informasi Selengkapnya: https://bit.ly/LPDN-DinusFest2026 Hadiah Menarik Menanti ğŸ’° Uang Pembinaan ğŸ“ Voucher Pendidikan ğŸ“ƒ E-Sertifikat ğŸ† Piala Penghargaan Saatnya creators bersuara lewat karyağŸ“±ğŸŠ Pantau terus akun resmi kami dan jadilah bagian dari LPDN 2026â€¼ï¸ğŸ™ŒğŸ» @udinus_kamadiksi #DINUSFEST2026 #DinusFestKamadiksi2026 #LombaPosterDigital #KAMADIKSI #UdinusOfficial LombaNasional".,,2025-12-30T05:40:45.000Z,,,,,pending,,
6dfe40f8,scraped-6dfe40f8-1768117441149.json,28,https://www.instagram.com/infolomba/p/DS31II6j-D2/,"1,003 likes, 63 comments - infolomba on December 29, 2025: ""ğŸ‰ HALO TEMAN-TEMAN! ğŸ‰ Saatnya tunjukkan ide, kreativitas, dan kepedulianmu terhadap isu kesehatan nasional! ğŸŒ± âœ¨ HIMABIDA PRESENT âœ¨ SEMINAR NASIONAL & NATIONAL CREATIVITY COMPETITION (NCC) Tema Besar: _Resiliensi Kesehatan Pasca Bencana: Optimalisasi Gizi, Kesehatan Reproduksi Wanita, dan Kesehatan Mental melalui Pendekatan Society 5.0 untuk Mencapai SDGs 2030_ ğŸ“Œ NATIONAL CREATIVITY COMPETITION (NCC)* ğŸ–¼ï¸ Lomba Poster ğŸ“Lomba Essay ğŸ¥ Lomba Video Edukasi ğŸ“… Pengumuman: Minggu, 25 Januari 2026 ğŸ“ Online (Zoom & Media Sosial) ğŸ’¸ Biaya Pendaftaran NCC: - Poster: Rp 25.000 - Essay: Rp 30.000 - Video Edukasi : Rp 30.000 ğŸ Benefit Peserta NCC: âœ… Free akses Seminar Nasional (peserta NCC otomatis terdaftar sebagai peserta seminar) âœ… E-Sertifikat Nasional (Lomba & Seminar âœ… Pengalaman & portofolio lomba âœ… Relasi dan jejaring nasional âœ… Kesempatan unjuk karya dan ide kreatif ğŸ“¢ Satu pendaftaran, dua manfaat! Ikuti NCC sekaligus dapatkan ilmu dan wawasan dari para pemateri nasional di Seminar Nasional. ğŸ“² Link pendaftaran https://linktr.ee/nccsemnas2025 ğŸ“ SEMINAR NASIONAL ğŸ“… Hari/Tanggal: Minggu, 25 Januari 2026 â°Waktu: 07.30 - 14.00 ğŸ“Zoom Meeting ğŸ’¥ Pendaftaran Gelombang Khusus ğŸ’¸ HTM: Rp 15.000 âš ï¸ Kuota terbatas - jangan sampai kehabisan! ğŸ Benefit Seminar âœ… E-Sertifikat âœ… Ilmu yang bermanfaat & aplikatif âœ… Relasi âœ… Pengalaman baru yang inspiratif ğŸ“²Link Pendaftaran Seminar https://forms.gle/V9XKe4JtNPFGA2v88 ğŸ“² Information: Instagram: @ncc.semnas CP: 082372382202 (Eva) âœ¨ Yuk jadi bagian dari generasi kreatif yang peduli masa depan kesehatan Indonesia! ğŸŒğŸ’š"".",1,003 likes, 63 comments - infolomba on December 29, 2025: "ğŸ‰ HALO TEMAN-TEMAN! ğŸ‰ Saatnya tunjukkan ide, kreativitas, dan kepedulianmu terhadap isu kesehatan nasional! ğŸŒ± âœ¨ HIMABIDA PRESENT âœ¨ SEMINAR NASIONAL & NATIONAL CREATIVITY COMPETITION (NCC) Tema Besar: _Resiliensi Kesehatan Pasca Bencana: Optimalisasi Gizi, Kesehatan Reproduksi Wanita, dan Kesehatan Mental melalui Pendekatan Society 5.0 untuk Mencapai SDGs 2030_ ğŸ“Œ NATIONAL CREATIVITY COMPETITION (NCC)* ğŸ–¼ï¸ Lomba Poster ğŸ“Lomba Essay ğŸ¥ Lomba Video Edukasi ğŸ“… Pengumuman: Minggu, 25 Januari 2026 ğŸ“ Online (Zoom & Media Sosial) ğŸ’¸ Biaya Pendaftaran NCC: - Poster: Rp 25.000 - Essay: Rp 30.000 - Video Edukasi : Rp 30.000 ğŸ Benefit Peserta NCC: âœ… Free akses Seminar Nasional (peserta NCC otomatis terdaftar sebagai peserta seminar) âœ… E-Sertifikat Nasional (Lomba & Seminar âœ… Pengalaman & portofolio lomba âœ… Relasi dan jejaring nasional âœ… Kesempatan unjuk karya dan ide kreatif ğŸ“¢ Satu pendaftaran, dua manfaat! Ikuti NCC sekaligus dapatkan ilmu dan wawasan dari para pemateri nasional di Seminar Nasional. ğŸ“² Link pendaftaran https://linktr.ee/nccsemnas2025 ğŸ“ SEMINAR NASIONAL ğŸ“… Hari/Tanggal: Minggu, 25 Januari 2026 â°Waktu: 07.30 - 14.00 ğŸ“Zoom Meeting ğŸ’¥ Pendaftaran Gelombang Khusus ğŸ’¸ HTM: Rp 15.000 âš ï¸ Kuota terbatas - jangan sampai kehabisan! ğŸ Benefit Seminar âœ… E-Sertifikat âœ… Ilmu yang bermanfaat & aplikatif âœ… Relasi âœ… Pengalaman baru yang inspiratif ğŸ“²Link Pendaftaran Seminar https://forms.gle/V9XKe4JtNPFGA2v88 ğŸ“² Information: Instagram: @ncc.semnas CP: 082372382202 (Eva) âœ¨ Yuk jadi bagian dari generasi kreatif yang peduli masa depan kesehatan Indonesia! ğŸŒğŸ’š".,,2025-12-30T03:22:16.000Z,,,082372382202,,pending,,
6dfe40f8,scraped-6dfe40f8-1768117441149.json,29,https://www.instagram.com/infolomba/p/DS3kd02D3qP/,"679 likes, 52 comments - infolomba on December 29, 2025: ""âœ¨ ITâ€™S TIME FOR YOU TO SHOW YOUR POTENTIAL! âœ¨ Now is the time for you to step further and dare to stand out ğŸ”¥. FUN IN SEE (FIS) 2026 hadir sebagai ajang lomba Bahasa Inggris untuk siswa/i SMPâ€“MTS sederajat yang ingin mengasah kemampuan, kreativitas, dan kepercayaan diri ğŸ’¬âœ¨ Melalui berbagai cabang lomba seperti Speech, News Casting, Cerdas Cermat, dan lainnya, FIS menjadi wadah bagi generasi muda untuk berkembang, berkompetisi secara sehat, dan menambah pengalaman berharga ğŸ† Kenapa harus ikut FIS 2026? â­ Melatih penggunaan Bahasa Inggris dalam kehidupan nyata â­ Mengembangkan minat & bakat sejak dini â­ Bertemu dan berkompetisi dengan peserta dari berbagai daerah â­ Mendapatkan Piagam & Sertifikat bertaraf provinsi â­ Hadiah lebih menarik dan cabang lomba yang makin seru ğŸ Donâ€™t hesitate, donâ€™t wait! Be part of the excitement and achievements at FUN IN SEE 2026, because this is your time to shine âœ¨ğŸŒµ #FunInSee2026 #FIS2026 #EnglishCompetition #AjangPrestasi #PelajarBerprestasi EventPelajar"".",679 likes, 52 comments - infolomba on December 29, 2025: "âœ¨ ITâ€™S TIME FOR YOU TO SHOW YOUR POTENTIAL! âœ¨ Now is the time for you to step further and dare to stand out ğŸ”¥. FUN IN SEE (FIS) 2026 hadir sebagai ajang lomba Bahasa Inggris untuk siswa/i SMPâ€“MTS sederajat yang ingin mengasah kemampuan, kreativitas, dan kepercayaan diri ğŸ’¬âœ¨ Melalui berbagai cabang lomba seperti Speech, News Casting, Cerdas Cermat, dan lainnya, FIS menjadi wadah bagi generasi muda untuk berkembang, berkompetisi secara sehat, dan menambah pengalaman berharga ğŸ† Kenapa harus ikut FIS 2026? â­ Melatih penggunaan Bahasa Inggris dalam kehidupan nyata â­ Mengembangkan minat & bakat sejak dini â­ Bertemu dan berkompetisi dengan peserta dari berbagai daerah â­ Mendapatkan Piagam & Sertifikat bertaraf provinsi â­ Hadiah lebih menarik dan cabang lomba yang makin seru ğŸ Donâ€™t hesitate, donâ€™t wait! Be part of the excitement and achievements at FUN IN SEE 2026, because this is your time to shine âœ¨ğŸŒµ #FunInSee2026 #FIS2026 #EnglishCompetition #AjangPrestasi #PelajarBerprestasi EventPelajar".,,2025-12-30T00:56:41.000Z,,,,,pending,,
6dfe40f8,scraped-6dfe40f8-1768117441149.json,30,https://www.instagram.com/infolomba/p/DS3aFPYkhhT/,"4,639 likes, 44 comments - infolomba on December 29, 2025: ""Jangan lupa dicatet, yaa! NB: Juli, September, Oktober, November nggak ada tanggal merah, guys ğŸ˜„ğŸ‘‹ğŸ¼ #infolomba #liburan #cuti #tanggalmerah #haribesar 2026 kalender kalender2026 haribesar2026 hariraya"".",4,639 likes, 44 comments - infolomba on December 29, 2025: "Jangan lupa dicatet, yaa! NB: Juli, September, Oktober, November nggak ada tanggal merah, guys ğŸ˜„ğŸ‘‹ğŸ¼ #infolomba #liburan #cuti #tanggalmerah #haribesar 2026 kalender kalender2026 haribesar2026 hariraya".,,2025-12-29T23:25:57.000Z,,,,,pending,,
6dfe40f8,scraped-6dfe40f8-1768117441149.json,31,https://www.instagram.com/infolomba/p/DS2bAQ-jyQU/,"336 likes, 53 comments - infolomba on December 29, 2025: ""âœ¨ THE RASYAD GRAND CHAMPIONSHIP 2026 (TRGC 2026) âœ¨ â›°ï¸ â€œWHERE GLORY BEGINSâ€ Ajang kompetisi bergengsi untuk melahirkan generasi berprestasi, berani, dan berakhlak mulia. ğŸ“ El Rasyad Islamic Junior High School ğŸ—“ï¸ 2 â€“ 6 Februari 2026 ğŸ”¥ CABANG PERLOMBAAN ğŸ”¥ ğŸ•Œ Lomba MHQ ğŸ’° Rp100.000/orang (SD & SMP) ğŸ“ CP: Hafidz â˜ï¸ wa.me/6285211361176 ğŸ¤ Lomba Pidato Bahasa Indonesia & ğŸ‡¬ğŸ‡§ Speech English ğŸ’° Rp125.000/orang (SD & SMP) ğŸ“ CP: Azmee â˜ï¸ wa.me/6285133835256 âš½ Lomba Futsal ğŸ’° Rp300.000/tim (SD & SMP) ğŸ“ CP: Arkan â˜ï¸ wa.me/6285966443205 ğŸ€ Lomba Basket ğŸ’° Rp350.000/tim (SD & SMP) ğŸ“ CP: Gaza â˜ï¸ wa.me/6281293396406 ğŸ“‹ Informasi Pendaftaran & Technical Handbook ğŸ”— https://linktr.ee/Rasyadchampionship ğŸ“® Proposal Undangan TRGC 2026 ğŸ”— https://bit.ly/PROPOSALUNDANGANTRGC2026 ğŸ“Œ Timeline Acara ğŸ“ Registrasi: 12 Desember 2025 â€“ 23 Januari 2026 ğŸ Pelaksanaan: 2 â€“ 6 Februari 2026 â€”â€”â€”â€”â€” SOCIAL MEDIA & KONTAK â€”â€”â€”â€”â€” ğŸ“¸ Instagram: @rasyadchampionship ğŸ“§ Email: therasyadchampionship@gmail.com âœ¨ Saatnya melangkah, berjuang, dan meraih kemenangan. ğŸ† TRGC 2026 â€” Where Glory Begins! Â©ï¸ Humas TRGC 2026"".",336 likes, 53 comments - infolomba on December 29, 2025: "âœ¨ THE RASYAD GRAND CHAMPIONSHIP 2026 (TRGC 2026) âœ¨ â›°ï¸ â€œWHERE GLORY BEGINSâ€ Ajang kompetisi bergengsi untuk melahirkan generasi berprestasi, berani, dan berakhlak mulia. ğŸ“ El Rasyad Islamic Junior High School ğŸ—“ï¸ 2 â€“ 6 Februari 2026 ğŸ”¥ CABANG PERLOMBAAN ğŸ”¥ ğŸ•Œ Lomba MHQ ğŸ’° Rp100.000/orang (SD & SMP) ğŸ“ CP: Hafidz â˜ï¸ wa.me/6285211361176 ğŸ¤ Lomba Pidato Bahasa Indonesia & ğŸ‡¬ğŸ‡§ Speech English ğŸ’° Rp125.000/orang (SD & SMP) ğŸ“ CP: Azmee â˜ï¸ wa.me/6285133835256 âš½ Lomba Futsal ğŸ’° Rp300.000/tim (SD & SMP) ğŸ“ CP: Arkan â˜ï¸ wa.me/6285966443205 ğŸ€ Lomba Basket ğŸ’° Rp350.000/tim (SD & SMP) ğŸ“ CP: Gaza â˜ï¸ wa.me/6281293396406 ğŸ“‹ Informasi Pendaftaran & Technical Handbook ğŸ”— https://linktr.ee/Rasyadchampionship ğŸ“® Proposal Undangan TRGC 2026 ğŸ”— https://bit.ly/PROPOSALUNDANGANTRGC2026 ğŸ“Œ Timeline Acara ğŸ“ Registrasi: 12 Desember 2025 â€“ 23 Januari 2026 ğŸ Pelaksanaan: 2 â€“ 6 Februari 2026 â€”â€”â€”â€”â€” SOCIAL MEDIA & KONTAK â€”â€”â€”â€”â€” ğŸ“¸ Instagram: @rasyadchampionship ğŸ“§ Email: therasyadchampionship@gmail.com âœ¨ Saatnya melangkah, berjuang, dan meraih kemenangan. ğŸ† TRGC 2026 â€” Where Glory Begins! Â©ï¸ Humas TRGC 2026".,,2025-12-29T14:14:46.000Z,,,085211361176;085133835256;085966443205;081293396406,,pending,,
6dfe40f8,scraped-6dfe40f8-1768117441149.json,32,https://www.instagram.com/infolomba/p/DS2JwNbj4AU/,"242 likes, 54 comments - infolomba on December 29, 2025: ""ğŸ†âœ¨ THE RASYAD GRAND CHAMPIONSHIP 2026 âœ¨ğŸ† â€œTHE GLORY BEGINSâ€ OSIS El Rasyad Islamic Junior High School proudly presents dua kompetisi bergengsi: ğŸ¤ English Speech Competition ğŸ¤ Kompetisi Pidato Bahasa Indonesia ğŸ“Œ Untuk siswa SD & SMP (Kategori Terpisah) ğŸ“Œ Lomba individu ğŸ“Œ Durasi pidato 3â€“5 menit ğŸ“Œ Naskah orisinal ğŸ“Œ Biaya pendaftaran: Rp125.000/peserta ğŸ“ Lokasi: Aula SMP El Rasyad Jl. Kemajuan Raya No.16, Petukangan Selatan, Kec. Pesanggrahan, Jakarta Selatan ğŸ—“ Timeline: ğŸ“ Pendaftaran: 12 Desember 2025 â€“ 25 Januari 2026 ğŸ§‘â€ğŸ’» Technical Meeting: 26 Januari 2026 ğŸ™ Pelaksanaan Lomba: 2â€“6 Februari 2026 ğŸ… Pengumuman Pemenang: 6 Februari 2026 ğŸ Hadiah: ğŸ¥‡ğŸ¥ˆğŸ¥‰ Uang Pembinaan + Sertifikat + Piala ğŸ“² Daftar sekarang melalui link/QR Code di poster ğŸ“ CP: 0851 3383 5256 (Azmee) âœ¨ Tunjukkan kemampuan berbicaramu, raih prestasi, dan jadilah generasi hebat berakhlak mulia! âœ¨ #TheRasyadGrandChampionship2026 #TheGloryBegins #Lombdato #EnglishSpeechCompetition #LombaSD LombaSMP OSISElRasyad EventPelajar JakartaSelatan"".",242 likes, 54 comments - infolomba on December 29, 2025: "ğŸ†âœ¨ THE RASYAD GRAND CHAMPIONSHIP 2026 âœ¨ğŸ† â€œTHE GLORY BEGINSâ€ OSIS El Rasyad Islamic Junior High School proudly presents dua kompetisi bergengsi: ğŸ¤ English Speech Competition ğŸ¤ Kompetisi Pidato Bahasa Indonesia ğŸ“Œ Untuk siswa SD & SMP (Kategori Terpisah) ğŸ“Œ Lomba individu ğŸ“Œ Durasi pidato 3â€“5 menit ğŸ“Œ Naskah orisinal ğŸ“Œ Biaya pendaftaran: Rp125.000/peserta ğŸ“ Lokasi: Aula SMP El Rasyad Jl. Kemajuan Raya No.16, Petukangan Selatan, Kec. Pesanggrahan, Jakarta Selatan ğŸ—“ Timeline: ğŸ“ Pendaftaran: 12 Desember 2025 â€“ 25 Januari 2026 ğŸ§‘â€ğŸ’» Technical Meeting: 26 Januari 2026 ğŸ™ Pelaksanaan Lomba: 2â€“6 Februari 2026 ğŸ… Pengumuman Pemenang: 6 Februari 2026 ğŸ Hadiah: ğŸ¥‡ğŸ¥ˆğŸ¥‰ Uang Pembinaan + Sertifikat + Piala ğŸ“² Daftar sekarang melalui link/QR Code di poster ğŸ“ CP: 0851 3383 5256 (Azmee) âœ¨ Tunjukkan kemampuan berbicaramu, raih prestasi, dan jadilah generasi hebat berakhlak mulia! âœ¨ #TheRasyadGrandChampionship2026 #TheGloryBegins #Lombdato #EnglishSpeechCompetition #LombaSD LombaSMP OSISElRasyad EventPelajar JakartaSelatan".,,2025-12-29T11:44:01.000Z,,,,,pending,,
6dfe40f8,scraped-6dfe40f8-1768117441149.json,33,https://www.instagram.com/infolomba/p/DS19bBZj0q1/,"291 likes, 46 comments - infolomba on December 29, 2025: ""Hai siswa SMA/SMK usia 15-18 tahun! Kesempatan emas kamu untuk menjadi juara semakin dekat! Jangan lewatkan NEO-GEN Footwear Competition! Kamu masih punya waktu sampai 7 Januari 2026 untuk menunjukkan kreativitasmu! Yuk ikut NEO-GEN Footwear Competition! diselenggarakan oleh Prodi Desain Produk, Craft & Fashion Universitas Paramadina bersama PT. Mitra Alas Selaras (@outdoorpro.co.id & @outdooradv.id) Ketentuan lombanya mudah banget: - Buatlah satu desain sepatu sport/ hiking/ traveling di kertas A3 (karya asli, NO AI) sesuai tema yang kamu pilih - Tema Lomba: #1. Jejak Alam #2. Melangkah ke Masa Depan #3. Tapak Nusantara - Sertakan konsep karya & nama lengkap, lalu kirim karya + surat sekolah/KTP ke: Prodi Desain Produk, Craft & Fashion, Kampus Cipayung Universitas Paramadina Jl. Raya Mabes Hankam Kav. 9, Kelurahan Setu, Kecamatan Cipayung, Jakarta Timur 13880 Bisa juga dikirim dalam format PDF via email ke: tasyrif.adnan@paramadina.ac.id subject email: Lomba Alas Kaki Deadline penerimaan karya: 7 Januari 2026 ğŸ”¥ Hadiah super menarik: Workshop desain, kunjungan industri, beasiswa, total hadiah 14 juta rupiah! ğŸ¤©ğŸ†, dan desainmu diwujudkan jadi produk NYATA!!! ğŸ¥³ğŸ¤© Masih ada pertanyaan? Yuk DM kami di @desainproduk.paramadina"".",291 likes, 46 comments - infolomba on December 29, 2025: "Hai siswa SMA/SMK usia 15-18 tahun! Kesempatan emas kamu untuk menjadi juara semakin dekat! Jangan lewatkan NEO-GEN Footwear Competition! Kamu masih punya waktu sampai 7 Januari 2026 untuk menunjukkan kreativitasmu! Yuk ikut NEO-GEN Footwear Competition! diselenggarakan oleh Prodi Desain Produk, Craft & Fashion Universitas Paramadina bersama PT. Mitra Alas Selaras (@outdoorpro.co.id & @outdooradv.id) Ketentuan lombanya mudah banget: - Buatlah satu desain sepatu sport/ hiking/ traveling di kertas A3 (karya asli, NO AI) sesuai tema yang kamu pilih - Tema Lomba: #1. Jejak Alam #2. Melangkah ke Masa Depan #3. Tapak Nusantara - Sertakan konsep karya & nama lengkap, lalu kirim karya + surat sekolah/KTP ke: Prodi Desain Produk, Craft & Fashion, Kampus Cipayung Universitas Paramadina Jl. Raya Mabes Hankam Kav. 9, Kelurahan Setu, Kecamatan Cipayung, Jakarta Timur 13880 Bisa juga dikirim dalam format PDF via email ke: tasyrif.adnan@paramadina.ac.id subject email: Lomba Alas Kaki Deadline penerimaan karya: 7 Januari 2026 ğŸ”¥ Hadiah super menarik: Workshop desain, kunjungan industri, beasiswa, total hadiah 14 juta rupiah! ğŸ¤©ğŸ†, dan desainmu diwujudkan jadi produk NYATA!!! ğŸ¥³ğŸ¤© Masih ada pertanyaan? Yuk DM kami di @desainproduk.paramadina".,,2025-12-29T09:56:17.000Z,,,,,pending,,
6dfe40f8,scraped-6dfe40f8-1768117441149.json,34,https://www.instagram.com/infolomba/p/DS1sMa0D6Zr/,"477 likes, 49 comments - infolomba on December 28, 2025: ""ğŸŒŠ OPEN REGISTRATION! ğŸŒŠ Siap berlayar bersama kami di ZISTION â€“ Education Olympiadâš“âœ¨ Seperti luasnya samudra, mari jelajahi potensi dan prestasi tanpa batas bersama Zistion ğŸŒŠğŸ“š Ajang olimpiade pendidikan bertema laut yang siap membawa kamu menyelam lebih dalam ke dunia ilmu pengetahuan. ğŸ”¥ What Youâ€™ll Get: ğŸš Total hadiah jutaan rupiah ğŸš Freepass TIKET masuk SMA Al Izzah ğŸš Pengalaman kompetisi bergengsi ğŸš Sertifikat & relasi baru ğŸ“š Categories ğŸª¼ZEO (IPA, MATEMATIKA, IPS) ğŸª¼Youth Competition (Storytelling, MHQ, Da'i) â° Timeline Penting: ğŸ“Œ Pendaftaran: 25 Desember 2025 â€“ 4 Februari 2026 ğŸ“Œ Technical Meeting: 6 Februari 2026 ğŸ“Œ Penyisihan: 28 Maret 2026 ğŸ“Œ Final & Closing: 23 Mei 2026 ğŸ“˜GUIDEBOOK: https://bit.ly/GUIDEBOOKZEO2026 Batch I : 25 Desember 2025 â€“ 7 Januari 2026 Batch II : 8 Januari â€“ 21 Januari 2026 Batch III : 22 Januari â€“ 4 Februari 2026 ğŸ’° Registration Fee: Batch I : Rp 35.000 Batch II : Rp 45.000 Batch III : Rp 55.000 ğŸš€ Daftar sekarang sebelum gelombangnya berakhir! ğŸŒ https://bit.ly/registZEO26 ğŸ“ CP: 0812-5854-0907 (Amalia) @imcsmaalizzah @zistionfest @smaalizzah ğŸŒŠ ASCEND THE CORALLINE SPLENDOUR âš“ #Zistion #EducationOlympiad #openregistration #PelajarBerprestasi"".",477 likes, 49 comments - infolomba on December 28, 2025: "ğŸŒŠ OPEN REGISTRATION! ğŸŒŠ Siap berlayar bersama kami di ZISTION â€“ Education Olympiadâš“âœ¨ Seperti luasnya samudra, mari jelajahi potensi dan prestasi tanpa batas bersama Zistion ğŸŒŠğŸ“š Ajang olimpiade pendidikan bertema laut yang siap membawa kamu menyelam lebih dalam ke dunia ilmu pengetahuan. ğŸ”¥ What Youâ€™ll Get: ğŸš Total hadiah jutaan rupiah ğŸš Freepass TIKET masuk SMA Al Izzah ğŸš Pengalaman kompetisi bergengsi ğŸš Sertifikat & relasi baru ğŸ“š Categories ğŸª¼ZEO (IPA, MATEMATIKA, IPS) ğŸª¼Youth Competition (Storytelling, MHQ, Da'i) â° Timeline Penting: ğŸ“Œ Pendaftaran: 25 Desember 2025 â€“ 4 Februari 2026 ğŸ“Œ Technical Meeting: 6 Februari 2026 ğŸ“Œ Penyisihan: 28 Maret 2026 ğŸ“Œ Final & Closing: 23 Mei 2026 ğŸ“˜GUIDEBOOK: https://bit.ly/GUIDEBOOKZEO2026 Batch I : 25 Desember 2025 â€“ 7 Januari 2026 Batch II : 8 Januari â€“ 21 Januari 2026 Batch III : 22 Januari â€“ 4 Februari 2026 ğŸ’° Registration Fee: Batch I : Rp 35.000 Batch II : Rp 45.000 Batch III : Rp 55.000 ğŸš€ Daftar sekarang sebelum gelombangnya berakhir! ğŸŒ https://bit.ly/registZEO26 ğŸ“ CP: 0812-5854-0907 (Amalia) @imcsmaalizzah @zistionfest @smaalizzah ğŸŒŠ ASCEND THE CORALLINE SPLENDOUR âš“ #Zistion #EducationOlympiad #openregistration #PelajarBerprestasi".,,2025-12-29T07:25:44.000Z,,,081258540907,,pending,,
6dfe40f8,scraped-6dfe40f8-1768117441149.json,35,https://www.instagram.com/infolomba/p/DS1gNgrj6oa/,"236 likes, 34 comments - infolomba on December 28, 2025: ""MODAL DANCE BISA DAPET UANG JUTAAN RUPIAHğŸ’¸ Kalian para Milenial, Gen Z, atau Gen Alpha bisa ikutan kompetisi ini, karena ini GRATIS dan ga ribetâ€¼ï¸ SYARATNYA GAMPANG: 1. Lomba dapat diikuti secara individu atau kelompok, dengan jumlah anggota maksimal 5 orang. 2. Setiap peserta wajib menggunakan lagu jingle resmi Bangor Fest sebagai backsound. Link jingle: https://bit.ly/JingleBangorFest. 3. Durasi dance video minimal 30 detik dan maksimal 1 menit. 4. Peserta wajib mengikuti akun Instagram dan TikTok resmi @bangorfest. 5. Mengisi Form Pendaftaran dan kirimkan karyamu dalam format MP4 melalui : https://bit.ly/DanceCompetitionBangorFest 6 .Upload video ke akun Instagram dan TikTok pribadi dengan ketentuan: - Gunakan hashtag #cometobangorfest dan #bangorfestvol4. - Mention dan tag akun @bangorfest di caption maupun video. LANGSUNG AJAK SAUDARA, BESTIE, DAN PACAR KALIAN BUAT IKUTAN!!!! info: @bangorfest #bangorfestvol4 #cometobangorfest #anniversarry7years lombanasional infolomba"".",236 likes, 34 comments - infolomba on December 28, 2025: "MODAL DANCE BISA DAPET UANG JUTAAN RUPIAHğŸ’¸ Kalian para Milenial, Gen Z, atau Gen Alpha bisa ikutan kompetisi ini, karena ini GRATIS dan ga ribetâ€¼ï¸ SYARATNYA GAMPANG: 1. Lomba dapat diikuti secara individu atau kelompok, dengan jumlah anggota maksimal 5 orang. 2. Setiap peserta wajib menggunakan lagu jingle resmi Bangor Fest sebagai backsound. Link jingle: https://bit.ly/JingleBangorFest. 3. Durasi dance video minimal 30 detik dan maksimal 1 menit. 4. Peserta wajib mengikuti akun Instagram dan TikTok resmi @bangorfest. 5. Mengisi Form Pendaftaran dan kirimkan karyamu dalam format MP4 melalui : https://bit.ly/DanceCompetitionBangorFest 6 .Upload video ke akun Instagram dan TikTok pribadi dengan ketentuan: - Gunakan hashtag #cometobangorfest dan #bangorfestvol4. - Mention dan tag akun @bangorfest di caption maupun video. LANGSUNG AJAK SAUDARA, BESTIE, DAN PACAR KALIAN BUAT IKUTAN!!!! info: @bangorfest #bangorfestvol4 #cometobangorfest #anniversarry7years lombanasional infolomba".,,2025-12-29T05:41:01.000Z,,,,,pending,,
6dfe40f8,scraped-6dfe40f8-1768117441149.json,36,https://www.instagram.com/infolomba/p/DS1SF2sD9TC/,"1,724 likes, 108 comments - infolomba on December 28, 2025: ""Olimnesia mempersembahkan, OLIMFEST (Olimpiade Festival Nusantara) 2025 ğŸš€ ""Kekayaan alam Indonesia tak berarti apa-apa tanpa kualitas sumber daya manusia yang handal."" â€” B.J. Habibie Asah wawasanmu dalam sains, sosial, hingga agama. Buktikan bahwa kamu adalah pionir ilmu pengetahuan Nusantara sejati yang akan menentukan masa depan bangsa! ğŸŒ ğŸ“ Bidang Lomba : - Astronomi - Geografi - Biologi - Kimia - Kebumian - Akuntansi - Informatika - Pendidikan Agama Islam ğŸ“… Pelaksanaan : 24 - 25 Januari 2026 ğŸ“² Tempat : Online di platform olimnesia.com ğŸ’° Biaya : - GRATIS bersyarat (hingga 11 Januari 2026) - Daftar Tanpa Syarat (SMP) hanya Rp.29.000 (hingga 18 Januari 2026) - Daftar Tanpa Syarat (SMA) hanya Rp.39.000 (hingga 18 Januari 2026) âœ… Fasilitas : - Platform terintegrasi untuk semua perangkat. - Soal menggunakan sistem CBT yang otomatis. - Dapat diakses dimana saja sesuai jadwal. - Terdiri dari 40 soal pilihan ganda yang relevan & terkini. âœ… Hadiah : - Medali untuk Juara I per bidang - Sertifikat Bertaraf Nasional untuk setiap peserta ğŸ“Œ Syarat untuk Daftar GRATIS : - instagram @olimnesia - Berikan komentar pada postingan Lomba ini dan tag 5 orang teman kamu - Unggah Twibbon dan di feed atau story Instagram - Sign-up dan log-in akun peserta di olimnesia.com - Daftar pada OLIMFEST & pilih olimpiade yang ingin diikuti - Unggah syarat poin 1-3 Link Pendaftaran : cek.olimnesia.com/olimfest Link Panduan : cek.olimnesia.com/olimfest-panduan Link Twibbon : cek.olimnesia.com/olimfest-twibbon Tunggu apa lagi? Jangan sampai lewatkan kesempatan emas ini dan jadilah bagian dari @olimnesia ğŸš€ OLIMNESIA | Jadi Lebih #MudahRaihPrestasi Dibina oleh Inkubator & Pasinbis Universitas Airlangga Whatsapp : 0882-0098-30654 Website : olimnesia.com #olimnesia #olimfestnusantara #olimpiadesma #olimpiadesmp lombasma lombasmp olimpiadeastronomi olimpiadegeografi olimpiadebiologi olimpiadekimia olimpiadekebumian olimpiadeakuntansi olimpiadeinformatika olimpiadeagamaislam"".",1,724 likes, 108 comments - infolomba on December 28, 2025: "Olimnesia mempersembahkan, OLIMFEST (Olimpiade Festival Nusantara) 2025 ğŸš€ "Kekayaan alam Indonesia tak berarti apa-apa tanpa kualitas sumber daya manusia yang handal." â€” B.J. Habibie Asah wawasanmu dalam sains, sosial, hingga agama. Buktikan bahwa kamu adalah pionir ilmu pengetahuan Nusantara sejati yang akan menentukan masa depan bangsa! ğŸŒ ğŸ“ Bidang Lomba : - Astronomi - Geografi - Biologi - Kimia - Kebumian - Akuntansi - Informatika - Pendidikan Agama Islam ğŸ“… Pelaksanaan : 24 - 25 Januari 2026 ğŸ“² Tempat : Online di platform olimnesia.com ğŸ’° Biaya : - GRATIS bersyarat (hingga 11 Januari 2026) - Daftar Tanpa Syarat (SMP) hanya Rp.29.000 (hingga 18 Januari 2026) - Daftar Tanpa Syarat (SMA) hanya Rp.39.000 (hingga 18 Januari 2026) âœ… Fasilitas : - Platform terintegrasi untuk semua perangkat. - Soal menggunakan sistem CBT yang otomatis. - Dapat diakses dimana saja sesuai jadwal. - Terdiri dari 40 soal pilihan ganda yang relevan & terkini. âœ… Hadiah : - Medali untuk Juara I per bidang - Sertifikat Bertaraf Nasional untuk setiap peserta ğŸ“Œ Syarat untuk Daftar GRATIS : - instagram @olimnesia - Berikan komentar pada postingan Lomba ini dan tag 5 orang teman kamu - Unggah Twibbon dan di feed atau story Instagram - Sign-up dan log-in akun peserta di olimnesia.com - Daftar pada OLIMFEST & pilih olimpiade yang ingin diikuti - Unggah syarat poin 1-3 Link Pendaftaran : cek.olimnesia.com/olimfest Link Panduan : cek.olimnesia.com/olimfest-panduan Link Twibbon : cek.olimnesia.com/olimfest-twibbon Tunggu apa lagi? Jangan sampai lewatkan kesempatan emas ini dan jadilah bagian dari @olimnesia ğŸš€ OLIMNESIA | Jadi Lebih #MudahRaihPrestasi Dibina oleh Inkubator & Pasinbis Universitas Airlangga Whatsapp : 0882-0098-30654 Website : olimnesia.com #olimnesia #olimfestnusantara #olimpiadesma #olimpiadesmp lombasma lombasmp olimpiadeastronomi olimpiadegeografi olimpiadebiologi olimpiadekimia olimpiadekebumian olimpiadeakuntansi olimpiadeinformatika olimpiadeagamaislam".,,2025-12-29T03:37:39.000Z,,,088200983065,,pending,,
6dfe40f8,scraped-6dfe40f8-1768117441149.json,37,https://www.instagram.com/infolomba/p/DS1CmKvD7Ga/,"421 likes, 33 comments - infolomba on December 28, 2025: ""Great People, arena telah dibuka! âš”ï¸ğŸ® INFEST Competition 2026 merupakan ajang perlombaan yang menjadi bagian dari rangkaian kegiatan INFEST 2026. Kompetisi ini dirancang sebagai wadah bagi pelajar dan mahasiswa untuk mengasah potensi, kreativitas, serta kemampuan berpikir inovatif di bidang teknologi dan sistem informasi. .à³ƒâœ¨ ğ˜¾ğ™¡ğ™–ğ™¨ğ™ ğ™¤ğ™› ğ™ˆğ™ğ™£ğ™™ğ™¨ ğ™ğ™£ ğ™ğ™ğ™š ğ˜¼ğ™§ğ™šğ™£ğ™– ğ™¤ğ™› ğ™ˆğ™–ğ™¨ğ™©ğ™šğ™§ğ™® âœ¨â‹†.à³ƒà¿”* Lewat kompetisi ini, peserta ditantang untuk berani ambil langkah, adu ide, dan nunjukin kemampuan terbaiknya. Setiap pertandingan dan tantangan jadi ruang buat belajar, bereksplorasi, dan tumbuh bareng dalam suasana yang seru dan kompetitif. Arena ini terbuka untuk pelajar dan mahasiswa yang siap menguji kemampuan dan berani ambil tantangan. Mau adu strategi, adu ide, atau adu kreativitas? Semua ada di sini! Empat arena utama siap menguji kemampuanmu: ğŸ® Mobile Legends ğŸ¥ INFEST In Screen ğŸ“Š INFEST In Case ğŸ’¡ Business Plan: Gamification ğŸ“œ Semua aturan main, alur pendaftaran, dan detail lomba bisa kamu cek di: ğŸ”— http://bit.ly/m/INFESTCompetition2026 Siapkan timmu, susun strategimu, dan buktikan siapa yang paling siap menguasai arena! ğŸ†âœ¨ Game on. Pertarungan dimulai di INFEST Competition 2026! Stay tuned untuk info selanjutnya! us for information! Instagram : @infestuntan Facebook : Information System Festival Tiktok : @infestuntan #INFESTCOMPETITION2026 #INFEST2026 #HMSI #lombanasional"".",421 likes, 33 comments - infolomba on December 28, 2025: "Great People, arena telah dibuka! âš”ï¸ğŸ® INFEST Competition 2026 merupakan ajang perlombaan yang menjadi bagian dari rangkaian kegiatan INFEST 2026. Kompetisi ini dirancang sebagai wadah bagi pelajar dan mahasiswa untuk mengasah potensi, kreativitas, serta kemampuan berpikir inovatif di bidang teknologi dan sistem informasi. .à³ƒâœ¨ ğ˜¾ğ™¡ğ™–ğ™¨ğ™ ğ™¤ğ™› ğ™ˆğ™ğ™£ğ™™ğ™¨ ğ™ğ™£ ğ™ğ™ğ™š ğ˜¼ğ™§ğ™šğ™£ğ™– ğ™¤ğ™› ğ™ˆğ™–ğ™¨ğ™©ğ™šğ™§ğ™® âœ¨â‹†.à³ƒà¿”* Lewat kompetisi ini, peserta ditantang untuk berani ambil langkah, adu ide, dan nunjukin kemampuan terbaiknya. Setiap pertandingan dan tantangan jadi ruang buat belajar, bereksplorasi, dan tumbuh bareng dalam suasana yang seru dan kompetitif. Arena ini terbuka untuk pelajar dan mahasiswa yang siap menguji kemampuan dan berani ambil tantangan. Mau adu strategi, adu ide, atau adu kreativitas? Semua ada di sini! Empat arena utama siap menguji kemampuanmu: ğŸ® Mobile Legends ğŸ¥ INFEST In Screen ğŸ“Š INFEST In Case ğŸ’¡ Business Plan: Gamification ğŸ“œ Semua aturan main, alur pendaftaran, dan detail lomba bisa kamu cek di: ğŸ”— http://bit.ly/m/INFESTCompetition2026 Siapkan timmu, susun strategimu, dan buktikan siapa yang paling siap menguasai arena! ğŸ†âœ¨ Game on. Pertarungan dimulai di INFEST Competition 2026! Stay tuned untuk info selanjutnya! us for information! Instagram : @infestuntan Facebook : Information System Festival Tiktok : @infestuntan #INFESTCOMPETITION2026 #INFEST2026 #HMSI #lombanasional".,,2025-12-29T01:22:15.000Z,,,,,pending,,
6dfe40f8,scraped-6dfe40f8-1768117441149.json,38,https://www.instagram.com/infolomba/p/DSzjDZ1DyPX/,"1,127 likes, 48 comments - infolomba on December 28, 2025: ""ğŸ“¢ OPEN REGISTRATION LOMBA CIPTA DAN BACA PUISI ğŸ“¢ â€‹Salam BudayağŸ€ Saatnya salurkan keresahan dan kepedulianmu melalui aksara! â€‹Kami mengundang seluruh penyair untuk berpartisipasi dalam Lomba Cipta dan Baca Puisi dengan tema besar yang menggugah: ğŸ“œ TEMA UTAMA: â€œKetika Alam Murka, Saatnya Manusia Berbenahâ€ ğŸ“ SUBTEMA PILIHAN: - â€‹Bencana Alam - â€‹Jagalah Bumi DETAIL LOMBA PUISI: ğŸ’° â€‹HTM: 25k/Puisi - BTN : 1501610080009 (a.n Chika Aulia Firnanda) (Sudah termasuk untuk program donasi Budi Bakti Peduli Untuk Sumatra) ğŸ“† TIMELINE - 22 Desember 2025 - 03 Januari 2026 : Pendaftaran - 04-08 Januari 2026 : Pengumpulan Cipta Puisi - 10 - 11 Januari 2026 : Kualifikasi Penilaian & Pengumuman Semi Final - 12-15 Januari 2026 : Pembuatan dan Penguploadan video - 16 Januari 2026 : Penilain video - 17 Januari 2026 : Pengumuman Pemenang ğŸ–‡ï¸ LINK GUIDEBOOK https://drive.google.com/file/d/1LcQqLebF9Vgj0FXw0T-SVl4jvTrTio_F/view?usp=drivesdk âš™ï¸ LINK PENDAFTARAN https://forms.gle/yxXt25qUwD6uvn4KA https://forms.gle/yxXt25qUwD6uvn4KA https://forms.gle/yxXt25qUwD6uvn4KA ğŸ“ Narahubung : +62 896-3891-3017 (Adin) Yuk kita sama-sama rayakan Dies Natalis STIM Budi Bakti dengan karya puisi terbaik kalian! ğŸ¤©âœ¨ https://www.instagram.com/p/DSSEfk2En5d/?igsh=dnI0cnlkZnpqcXdl"".",1,127 likes, 48 comments - infolomba on December 28, 2025: "ğŸ“¢ OPEN REGISTRATION LOMBA CIPTA DAN BACA PUISI ğŸ“¢ â€‹Salam BudayağŸ€ Saatnya salurkan keresahan dan kepedulianmu melalui aksara! â€‹Kami mengundang seluruh penyair untuk berpartisipasi dalam Lomba Cipta dan Baca Puisi dengan tema besar yang menggugah: ğŸ“œ TEMA UTAMA: â€œKetika Alam Murka, Saatnya Manusia Berbenahâ€ ğŸ“ SUBTEMA PILIHAN: - â€‹Bencana Alam - â€‹Jagalah Bumi DETAIL LOMBA PUISI: ğŸ’° â€‹HTM: 25k/Puisi - BTN : 1501610080009 (a.n Chika Aulia Firnanda) (Sudah termasuk untuk program donasi Budi Bakti Peduli Untuk Sumatra) ğŸ“† TIMELINE - 22 Desember 2025 - 03 Januari 2026 : Pendaftaran - 04-08 Januari 2026 : Pengumpulan Cipta Puisi - 10 - 11 Januari 2026 : Kualifikasi Penilaian & Pengumuman Semi Final - 12-15 Januari 2026 : Pembuatan dan Penguploadan video - 16 Januari 2026 : Penilain video - 17 Januari 2026 : Pengumuman Pemenang ğŸ–‡ï¸ LINK GUIDEBOOK https://drive.google.com/file/d/1LcQqLebF9Vgj0FXw0T-SVl4jvTrTio_F/view?usp=drivesdk âš™ï¸ LINK PENDAFTARAN https://forms.gle/yxXt25qUwD6uvn4KA https://forms.gle/yxXt25qUwD6uvn4KA https://forms.gle/yxXt25qUwD6uvn4KA ğŸ“ Narahubung : +62 896-3891-3017 (Adin) Yuk kita sama-sama rayakan Dies Natalis STIM Budi Bakti dengan karya puisi terbaik kalian! ğŸ¤©âœ¨ https://www.instagram.com/p/DSSEfk2En5d/?igsh=dnI0cnlkZnpqcXdl".,,2025-12-28T11:27:23.000Z,,,01610080009;89638913017,,pending,,
6dfe40f8,scraped-6dfe40f8-1768117441149.json,39,https://www.instagram.com/infolomba/p/DSzUhGOD8SS/,"296 likes, 45 comments - infolomba on December 28, 2025: ""Assalamualaikum Warahmatullahi Wabarakatuh Salam Pramuka!âšœï¸ Hallo, teman - teman!!!ğŸ™ŒğŸ» _Kami dari pangkalan Yayasan Nusantara Citayam mengundang pangkalan kamu untuk bergabung diacara perlombaan kami_ğŸ’« ğŸ”°Nusantara Scout Competitions Season 3ğŸ”°* NSC Season 3 2026 ğŸŠLomba Pramuka Penggalang SD/Mi & SMP/MTs SederajatğŸŠ ğŸ† JENIS-JENIS LOMBA - Tingkat Penggalang SD/MI Sederajat: 1. Tandu. 2. Dance Smaphore. 3. Smart Scout. 4. Kemampuan Indra Manusia (KIM Melihat). - Tingkat Penggalang SMP/MTS Sederajat: 1. LKBBT Variasi Formasi. 2. Pioneering Menara Pandang Kreasi. 3. Ragam Sandi. 4. Smart Scout. âšœï¸ PELAKSANAAN LOMBA Tingkat Penggalang SD/Mi Sederajat ğŸ“† Sabtu, 10 Januari 2026. âŒ› 07.00 s/d Selesai. ğŸ“Yayasan Pendidikan Nusantara Citayam Tingkat Penggalang SMP/MTs Sederajat: ğŸ“† Minggu, 11 Januari 2026. âŒ› 07.00 s/d Selesai. ğŸ“Yayasan Pendidikan Nusantara Citayam ğŸ’°Biaya Pendaftaran - Penggalang SD/Mi & SMP/MTs sederajat Rp. 250.000 Per Regu Link Juknis & Edaranâœ¨ ( https://drive.google.com/drive/folders/1tE4kcIRWXIccJtZdq_cErjmmU2lGjVeo ) _Ayo segera daftar dan raih juara-juara kerennyağŸ¤© untuk kesempatan ini jangan sampai terlewatkan yaa!!! informasi lebih lanjut kalian bisa hubungi contact person yang sudah di cantumkanğŸ˜‰ kami tunggu kehadiran pangkalan kalianâ€¼ï¸_ ""Bersinergi Dalam Kompetisi, Bersama Maju Dengan Inovasi, Berkreasi Untuk Negeri""ğŸ‘ŠğŸ»ğŸŒŸ"".",296 likes, 45 comments - infolomba on December 28, 2025: "Assalamualaikum Warahmatullahi Wabarakatuh Salam Pramuka!âšœï¸ Hallo, teman - teman!!!ğŸ™ŒğŸ» _Kami dari pangkalan Yayasan Nusantara Citayam mengundang pangkalan kamu untuk bergabung diacara perlombaan kami_ğŸ’« ğŸ”°Nusantara Scout Competitions Season 3ğŸ”°* NSC Season 3 2026 ğŸŠLomba Pramuka Penggalang SD/Mi & SMP/MTs SederajatğŸŠ ğŸ† JENIS-JENIS LOMBA - Tingkat Penggalang SD/MI Sederajat: 1. Tandu. 2. Dance Smaphore. 3. Smart Scout. 4. Kemampuan Indra Manusia (KIM Melihat). - Tingkat Penggalang SMP/MTS Sederajat: 1. LKBBT Variasi Formasi. 2. Pioneering Menara Pandang Kreasi. 3. Ragam Sandi. 4. Smart Scout. âšœï¸ PELAKSANAAN LOMBA Tingkat Penggalang SD/Mi Sederajat ğŸ“† Sabtu, 10 Januari 2026. âŒ› 07.00 s/d Selesai. ğŸ“Yayasan Pendidikan Nusantara Citayam Tingkat Penggalang SMP/MTs Sederajat: ğŸ“† Minggu, 11 Januari 2026. âŒ› 07.00 s/d Selesai. ğŸ“Yayasan Pendidikan Nusantara Citayam ğŸ’°Biaya Pendaftaran - Penggalang SD/Mi & SMP/MTs sederajat Rp. 250.000 Per Regu Link Juknis & Edaranâœ¨ ( https://drive.google.com/drive/folders/1tE4kcIRWXIccJtZdq_cErjmmU2lGjVeo ) _Ayo segera daftar dan raih juara-juara kerennyağŸ¤© untuk kesempatan ini jangan sampai terlewatkan yaa!!! informasi lebih lanjut kalian bisa hubungi contact person yang sudah di cantumkanğŸ˜‰ kami tunggu kehadiran pangkalan kalianâ€¼ï¸_ "Bersinergi Dalam Kompetisi, Bersama Maju Dengan Inovasi, Berkreasi Untuk Negeri"ğŸ‘ŠğŸ»ğŸŒŸ".,,2025-12-28T09:20:21.000Z,,,,,pending,,
6dfe40f8,scraped-6dfe40f8-1768117441149.json,40,https://www.instagram.com/infolomba/p/DSzFXoeD5MT/,"995 likes, 42 comments - infolomba on December 27, 2025: ""AKSI AJANG KREASI LOMBA ESAI NASIONAL ğŸ† Ayok ikut lombaa esai dengan tema yang relevan dengan kondisi Indonesia saat ini lohhhğŸ”¥ ğŸ“Œ Tunjukkan gagasan kritismu, tuangkan ide terbaikmu, dan jadilah bagian dari perubahan! ğŸ“ TEMA UMUM Peran Media Sosial Saat dan Setelah Bencana : Informasi vs Disinformasi ğŸ“… LINIMASA ğŸ—“ Pendaftaran Gel I 27 Desember - 9 Januari 2025 Gel II 10 Januari - 26 Januari 2026 ğŸ§¾ Pengumpulan Karya 1 - 26 Januari 2026 âœğŸ» Penilaian Karya 26 - 29 Januari 2026 ğŸ“£ Pengumuman Lomba 30 Januari 2026 ğŸ“¥ PENDAFTARAN ğŸ”— Link Pendaftaran: https://forms.gle/gBNBw3HNSLosmCn19 ğŸ§¾ Link Pengumpulan Karya : https://forms.gle/MwgGFs23zsgYEcXG7 ğŸ“ CP: ğŸ“± Chintia Regina Sidabutar 082161262567 ğŸ“± Annisa Qurratul Aini 082288038243 âœ¨ Ayo tunjukkan gagasanmu dan jadilah bagian dari perubahan Indonesia! ğŸ“¢ Daftar sekarang & jangan lewatkan kesempatan emas ini!"".",995 likes, 42 comments - infolomba on December 27, 2025: "AKSI AJANG KREASI LOMBA ESAI NASIONAL ğŸ† Ayok ikut lombaa esai dengan tema yang relevan dengan kondisi Indonesia saat ini lohhhğŸ”¥ ğŸ“Œ Tunjukkan gagasan kritismu, tuangkan ide terbaikmu, dan jadilah bagian dari perubahan! ğŸ“ TEMA UMUM Peran Media Sosial Saat dan Setelah Bencana : Informasi vs Disinformasi ğŸ“… LINIMASA ğŸ—“ Pendaftaran Gel I 27 Desember - 9 Januari 2025 Gel II 10 Januari - 26 Januari 2026 ğŸ§¾ Pengumpulan Karya 1 - 26 Januari 2026 âœğŸ» Penilaian Karya 26 - 29 Januari 2026 ğŸ“£ Pengumuman Lomba 30 Januari 2026 ğŸ“¥ PENDAFTARAN ğŸ”— Link Pendaftaran: https://forms.gle/gBNBw3HNSLosmCn19 ğŸ§¾ Link Pengumpulan Karya : https://forms.gle/MwgGFs23zsgYEcXG7 ğŸ“ CP: ğŸ“± Chintia Regina Sidabutar 082161262567 ğŸ“± Annisa Qurratul Aini 082288038243 âœ¨ Ayo tunjukkan gagasanmu dan jadilah bagian dari perubahan Indonesia! ğŸ“¢ Daftar sekarang & jangan lewatkan kesempatan emas ini!".,,2025-12-28T07:08:00.000Z,,,082161262567;082288038243,,pending,,
